<?xml version="1.0" encoding="UTF-8"?>
<root t='190' id='1' V190='11' inStruct='Structures/FORGE/people.xml' outStruct='Structures/FORGE/people_with_key_in_loop.xml' inputRep='172' outputRep='172' nextMap='Maps/FORGE/PEOPLE/PEOPLE_FLAT_BUT_CITY_LOOP.xml' inputStructUserName='people' outputStructUserName='people_with_key_in_loop' V1='4' name='PEOPLE_WITH_KEY' incarnation='576'>
  <inputMapElem t='200' id='4' V200='7' input='true' shown='5' structElemExists='true' V283='2' occurMinTimes='1' occurMaxTimes='1' minSize='-1' maxSize='-1' groupType='1' repHandlerStruct='' visible='true' inheritsFrom='' V281='13' V1='4' name='people'>
    <mapNode t='190' idref='1'/>
    <child t='200' id='5' V200='7' input='true' shown='5' structElemExists='true' V283='2' occurMinTimes='1' occurMaxTimes='1' minSize='-1' maxSize='-1' dataType='2' repHandlerStruct='' visible='true' inheritsFrom='' V281='13' V1='4' name='Title'>
      <mapNode t='190' idref='1'/>
    </child>
    <child t='200' id='6' V200='7' input='true' shown='5' structElemExists='true' V283='2' occurMinTimes='1' occurMaxTimes='-1' minSize='-1' maxSize='-1' groupType='1' repHandlerStruct='' visible='true' inheritsFrom='' V281='13' V1='4' name='person'>
      <mapNode t='190' idref='1'/>
      <child t='200' id='7' V200='7' input='true' shown='5' structElemExists='true' V283='2' occurMinTimes='1' occurMaxTimes='1' minSize='-1' maxSize='-1' dataType='2' repHandlerStruct='' visible='true' inheritsFrom='' V281='13' V1='4' name='firstname'>
        <mapNode t='190' idref='1'/>
      </child>
      <child t='200' id='8' V200='7' input='true' shown='5' structElemExists='true' V283='2' occurMinTimes='1' occurMaxTimes='-1' minSize='-1' maxSize='-1' dataType='2' repHandlerStruct='' visible='true' inheritsFrom='' V281='13' V1='4' name='nickname'>
        <mapNode t='190' idref='1'/>
      </child>
      <child t='200' id='9' V200='7' input='true' shown='5' structElemExists='true' V283='2' occurMinTimes='1' occurMaxTimes='1' minSize='-1' maxSize='-1' dataType='2' repHandlerStruct='' visible='true' inheritsFrom='' V281='13' V1='4' name='address'>
        <mapNode t='190' idref='1'/>
      </child>
      <child t='200' id='10' V200='7' input='true' shown='5' structElemExists='true' V283='2' occurMinTimes='1' occurMaxTimes='1' minSize='-1' maxSize='-1' groupType='1' repHandlerStruct='' visible='true' inheritsFrom='' V281='13' V1='4' name='State'>
        <mapNode t='190' idref='1'/>
        <child t='200' id='11' V200='7' input='true' shown='5' structElemExists='true' V283='2' occurMinTimes='1' occurMaxTimes='-1' minSize='-1' maxSize='-1' dataType='2' repHandlerStruct='' visible='true' inheritsFrom='' V281='13' V1='4' name='City'>
          <mapNode t='190' idref='1'/>
        </child>
      </child>
    </child>
  </inputMapElem>
  <outputMapElem t='200' id='12' V200='7' shown='5' structElemExists='true' V283='2' occurMinTimes='1' occurMaxTimes='1' minSize='-1' maxSize='-1' groupType='1' repHandlerStruct='' visible='true' inheritsFrom='' V281='13' modifiedFromParent_loop='true' V1='4' name='people_with_key_in_loop'>
    <mapNode t='190' idref='1'/>
    <loop>SimpleLoop([autoAdded="true"],in$/people,{Filter},{Sort Keys},{Contexts})</loop>
    <child t='200' id='13' V200='7' shown='5' structElemExists='true' V283='2' occurMinTimes='1' occurMaxTimes='1' minSize='-1' maxSize='-1' dataType='2' repHandlerStruct='' visible='true' inheritsFrom='' V281='13' modifiedFromParent_value='true' V1='4' name='Title'>
      <mapNode t='190' idref='1'/>
      <value>in$/people/Title</value>
    </child>
    <child t='200' id='14' V200='7' shown='5' structElemExists='true' V283='2' occurMinTimes='1' occurMaxTimes='-1' minSize='-1' maxSize='-1' groupType='1' repHandlerStruct='' visible='true' inheritsFrom='' V281='13' modifiedFromParent_loop='true' V1='4' name='person'>
      <mapNode t='190' idref='1'/>
      <loop>SimpleLoop(in$/people/person,{Filter},{Sort Keys},{Contexts})</loop>
      <child t='200' id='15' V200='7' shown='5' structElemExists='true' V283='2' occurMinTimes='1' occurMaxTimes='1' minSize='-1' maxSize='-1' dataType='2' repHandlerStruct='' visible='true' inheritsFrom='' V281='13' modifiedFromParent_value='true' V1='4' name='ID'>
        <mapNode t='190' idref='1'/>
        <value>LoopIndex([indexType="1"],out$/people_with_key_in_loop/person)</value>
      </child>
      <child t='200' id='16' V200='7' shown='5' structElemExists='true' V283='2' occurMinTimes='1' occurMaxTimes='1' minSize='-1' maxSize='-1' dataType='2' repHandlerStruct='' visible='true' inheritsFrom='' V281='13' modifiedFromParent_value='true' V1='4' name='firstname'>
        <mapNode t='190' idref='1'/>
        <value>in$/people/person/firstname</value>
      </child>
      <child t='200' id='17' V200='7' shown='5' structElemExists='true' V283='2' occurMinTimes='1' occurMaxTimes='-1' minSize='-1' maxSize='-1' groupType='1' repHandlerStruct='' visible='true' inheritsFrom='' V281='13' modifiedFromParent_loop='true' V1='4' name='nicknames'>
        <mapNode t='190' idref='1'/>
        <loop>SimpleLoop(in$/people/person/nickname,{Filter},{Sort Keys},{Contexts})</loop>
        <child t='200' id='18' V200='7' shown='5' structElemExists='true' V283='2' occurMinTimes='1' occurMaxTimes='1' minSize='-1' maxSize='-1' dataType='2' repHandlerStruct='' visible='true' inheritsFrom='' V281='13' modifiedFromParent_value='true' V1='4' name='ID'>
          <mapNode t='190' idref='1'/>
          <value>LoopIndex(out$/people_with_key_in_loop/person)</value>
        </child>
        <child t='200' id='19' V200='7' shown='5' structElemExists='true' V283='2' occurMinTimes='1' occurMaxTimes='1' minSize='-1' maxSize='-1' dataType='2' repHandlerStruct='' visible='true' inheritsFrom='' V281='13' modifiedFromParent_value='true' V1='4' name='nickname'>
          <mapNode t='190' idref='1'/>
          <value>in$/people/person/nickname</value>
        </child>
      </child>
      <child t='200' id='20' V200='7' shown='5' structElemExists='true' V283='2' occurMinTimes='1' occurMaxTimes='1' minSize='-1' maxSize='-1' dataType='2' repHandlerStruct='' visible='true' inheritsFrom='' V281='13' modifiedFromParent_value='true' V1='4' name='address'>
        <mapNode t='190' idref='1'/>
        <value>in$/people/person/address</value>
      </child>
      <child t='200' id='21' V200='7' shown='5' structElemExists='true' V283='2' occurMinTimes='1' occurMaxTimes='1' minSize='-1' maxSize='-1' groupType='1' repHandlerStruct='' visible='true' inheritsFrom='' V281='13' V1='4' name='State'>
        <mapNode t='190' idref='1'/>
        <child t='200' id='22' V200='7' shown='5' structElemExists='true' V283='2' occurMinTimes='1' occurMaxTimes='-1' minSize='-1' maxSize='-1' groupType='1' repHandlerStruct='' visible='true' inheritsFrom='' V281='13' modifiedFromParent_loop='true' V1='4' name='Citys'>
          <mapNode t='190' idref='1'/>
          <loop>SimpleLoop(in$/people/person/State/City,{Filter},{Sort Keys},{Contexts})</loop>
          <child t='200' id='23' V200='7' shown='5' structElemExists='true' V283='2' occurMinTimes='1' occurMaxTimes='1' minSize='-1' maxSize='-1' dataType='2' repHandlerStruct='' visible='true' inheritsFrom='' V281='13' modifiedFromParent_value='true' V1='4' name='ID'>
            <mapNode t='190' idref='1'/>
            <value>LoopIndex(out$/people_with_key_in_loop/person)</value>
          </child>
          <child t='200' id='24' V200='7' shown='5' structElemExists='true' V283='2' occurMinTimes='1' occurMaxTimes='1' minSize='-1' maxSize='-1' dataType='2' repHandlerStruct='' visible='true' inheritsFrom='' V281='13' modifiedFromParent_value='true' V1='4' name='City'>
            <mapNode t='190' idref='1'/>
            <value>in$/people/person/State/City</value>
          </child>
        </child>
      </child>
    </child>
  </outputMapElem>
  <inputRepRuntime t='692' id='25' V692='1' unnamedElemsNamespace='1' V690='1'>
    <namespaceContainers t='220' ref='Namespace Containers/FORGE.xml'/>
  </inputRepRuntime>
  <outputRepRuntime t='692' id='26' V692='1' unnamedElemsNamespace='1' V690='1'>
    <namespaceContainers t='220' ref='Namespace Containers/FORGE.xml'/>
  </outputRepRuntime>
  <valueSets></valueSets>
  <inputXmlRepRuntime t='692' idref='25'/>
  <outputXmlRepRuntime t='692' idref='26'/>
  <child t='165' id='2' V1='4' name='Document Bindings'>
    <child t='166' id='26' V166='5' docType='1' docReposPath='/EAI/Sample Data/FORGE/people/people' V1='4' name='in$/people'>
      <elemNode t='200' idref='4'/>
    </child>
    <child t='166' id='27' V166='5' docType='2' docReposPath='/EAI/Sample Data/FORGE/people_with_key_in_loop/people_with_key_in_loop' V1='4' name='out$/people_with_key_in_loop'>
      <elemNode t='200' idref='12'/>
    </child>
  </child>
  <child t='201' id='3' V1='4' name='Inherits From'>
  </child>
</root>
