<?xml version="1.0" encoding="UTF-8"?>
<root t='190' id='1' V190='11' inStruct='Structures/FORGE/people_flat_with_city_loop.xml' outStruct='Structures/FORGE/people_flat.xml' inputRep='172' outputRep='172' nextMap='' inputStructUserName='people_flat_with_city_loop' outputStructUserName='people_flat' V1='4' name='PEOPLE_FLAT' incarnation='313'>
  <inputMapElem t='200' id='4' V200='7' input='true' shown='5' structElemExists='true' V283='2' occurMinTimes='1' occurMaxTimes='1' minSize='-1' maxSize='-1' groupType='1' repHandlerStruct='' visible='true' inheritsFrom='' V281='13' V1='4' name='peopleflatwithcityloop'>
    <mapNode t='190' idref='1'/>
    <child t='200' id='5' V200='7' input='true' shown='5' structElemExists='true' V283='2' occurMinTimes='1' occurMaxTimes='1' minSize='-1' maxSize='-1' dataType='2' repHandlerStruct='' visible='true' inheritsFrom='' V281='13' V1='4' name='Title'>
      <mapNode t='190' idref='1'/>
    </child>
    <child t='200' id='6' V200='7' input='true' shown='5' structElemExists='true' V283='2' occurMinTimes='1' occurMaxTimes='-1' minSize='-1' maxSize='-1' groupType='1' repHandlerStruct='' visible='true' inheritsFrom='' V281='13' V1='4' name='person'>
      <mapNode t='190' idref='1'/>
      <child t='200' id='7' V200='7' input='true' shown='5' structElemExists='true' V283='2' occurMinTimes='1' occurMaxTimes='1' minSize='-1' maxSize='-1' dataType='2' repHandlerStruct='' visible='true' inheritsFrom='' V281='13' V1='4' name='ID'>
        <mapNode t='190' idref='1'/>
      </child>
      <child t='200' id='8' V200='7' input='true' shown='5' structElemExists='true' V283='2' occurMinTimes='1' occurMaxTimes='1' minSize='-1' maxSize='-1' dataType='2' repHandlerStruct='' visible='true' inheritsFrom='' V281='13' V1='4' name='firstname'>
        <mapNode t='190' idref='1'/>
      </child>
      <child t='200' id='9' V200='7' input='true' shown='5' structElemExists='true' V283='2' occurMinTimes='1' occurMaxTimes='1' minSize='-1' maxSize='-1' dataType='2' repHandlerStruct='' visible='true' inheritsFrom='' V281='13' V1='4' name='nickname'>
        <mapNode t='190' idref='1'/>
      </child>
      <child t='200' id='10' V200='7' input='true' shown='5' structElemExists='true' V283='2' occurMinTimes='1' occurMaxTimes='1' minSize='-1' maxSize='-1' dataType='2' repHandlerStruct='' visible='true' inheritsFrom='' V281='13' V1='4' name='address'>
        <mapNode t='190' idref='1'/>
      </child>
      <child t='200' id='11' V200='7' input='true' shown='5' structElemExists='true' V283='2' occurMinTimes='1' occurMaxTimes='1' minSize='-1' maxSize='-1' groupType='1' repHandlerStruct='' visible='true' inheritsFrom='' V281='13' V1='4' name='State'>
        <mapNode t='190' idref='1'/>
        <child t='200' id='12' V200='7' input='true' shown='5' structElemExists='true' V283='2' occurMinTimes='1' occurMaxTimes='-1' minSize='-1' maxSize='-1' groupType='1' repHandlerStruct='' visible='true' inheritsFrom='' V281='13' V1='4' name='Citys'>
          <mapNode t='190' idref='1'/>
          <child t='200' id='13' V200='7' input='true' shown='5' structElemExists='true' V283='2' occurMinTimes='1' occurMaxTimes='1' minSize='-1' maxSize='-1' dataType='2' repHandlerStruct='' visible='true' inheritsFrom='' V281='13' V1='4' name='ID'>
            <mapNode t='190' idref='1'/>
          </child>
          <child t='200' id='14' V200='7' input='true' shown='5' structElemExists='true' V283='2' occurMinTimes='1' occurMaxTimes='1' minSize='-1' maxSize='-1' dataType='2' repHandlerStruct='' visible='true' inheritsFrom='' V281='13' V1='4' name='City'>
            <mapNode t='190' idref='1'/>
          </child>
        </child>
      </child>
    </child>
  </inputMapElem>
  <outputMapElem t='200' id='15' V200='7' shown='5' structElemExists='true' V283='2' occurMinTimes='1' occurMaxTimes='1' minSize='-1' maxSize='-1' groupType='1' repHandlerStruct='' visible='true' inheritsFrom='' V281='13' modifiedFromParent_loop='true' V1='4' name='peopleflat'>
    <mapNode t='190' idref='1'/>
    <loop>SimpleLoop([autoAdded="true"],in$/peopleflatwithcityloop,{Filter},{Sort Keys},{Contexts})</loop>
    <child t='200' id='16' V200='7' shown='5' structElemExists='true' V283='2' occurMinTimes='1' occurMaxTimes='-1' minSize='-1' maxSize='-1' groupType='1' repHandlerStruct='' visible='true' inheritsFrom='' V281='13' modifiedFromParent_loop='true' V1='4' name='Line'>
      <mapNode t='190' idref='1'/>
      <loop>SimpleLoop(in$/peopleflatwithcityloop/person,{Filter},{Sort Keys},NestedContext(SimpleLoop(in$/peopleflatwithcityloop/person/State/Citys,{Filter},{Sort Keys},{Contexts})))</loop>
      <child t='200' id='17' V200='7' shown='5' structElemExists='true' V283='2' occurMinTimes='1' occurMaxTimes='1' minSize='-1' maxSize='-1' dataType='2' repHandlerStruct='' visible='true' inheritsFrom='' V281='13' modifiedFromParent_value='true' V1='4' name='Title'>
        <mapNode t='190' idref='1'/>
        <value>in$/peopleflatwithcityloop/Title</value>
      </child>
      <child t='200' id='18' V200='7' shown='5' structElemExists='true' V283='2' occurMinTimes='1' occurMaxTimes='1' minSize='-1' maxSize='-1' dataType='2' repHandlerStruct='' visible='true' inheritsFrom='' V281='13' modifiedFromParent_value='true' V1='4' name='firstname'>
        <mapNode t='190' idref='1'/>
        <value>in$/peopleflatwithcityloop/person/firstname</value>
      </child>
      <child t='200' id='19' V200='7' shown='5' structElemExists='true' V283='2' occurMinTimes='1' occurMaxTimes='1' minSize='-1' maxSize='-1' dataType='2' repHandlerStruct='' visible='true' inheritsFrom='' V281='13' modifiedFromParent_value='true' V1='4' name='nickname'>
        <mapNode t='190' idref='1'/>
        <value>in$/peopleflatwithcityloop/person/nickname</value>
      </child>
      <child t='200' id='20' V200='7' shown='5' structElemExists='true' V283='2' occurMinTimes='1' occurMaxTimes='1' minSize='-1' maxSize='-1' dataType='2' repHandlerStruct='' visible='true' inheritsFrom='' V281='13' modifiedFromParent_value='true' V1='4' name='address'>
        <mapNode t='190' idref='1'/>
        <value>in$/peopleflatwithcityloop/person/address</value>
      </child>
      <child t='200' id='21' V200='7' shown='5' structElemExists='true' V283='2' occurMinTimes='1' occurMaxTimes='1' minSize='-1' maxSize='-1' dataType='2' repHandlerStruct='' visible='true' inheritsFrom='' V281='13' modifiedFromParent_value='true' V1='4' name='City'>
        <mapNode t='190' idref='1'/>
        <value>in$/peopleflatwithcityloop/person/State/Citys/City</value>
      </child>
    </child>
  </outputMapElem>
  <inputRepRuntime t='692' id='30' V692='1' unnamedElemsNamespace='1' V690='1'>
    <namespaceContainers t='220' ref='Namespace Containers/FORGE.xml'/>
  </inputRepRuntime>
  <outputRepRuntime t='692' id='29' V692='1' unnamedElemsNamespace='1' V690='1'>
    <namespaceContainers t='220' ref='Namespace Containers/FORGE.xml'/>
  </outputRepRuntime>
  <valueSets></valueSets>
  <inputXmlRepRuntime t='692' idref='30'/>
  <outputXmlRepRuntime t='692' idref='29'/>
  <child t='165' id='2' V1='4' name='Document Bindings'>
    <child t='166' id='22' V166='5' docType='1' docReposPath='/EAI/Sample Data/FORGE/people_flat_with_city_loop/people_flat_with_city_loop' V1='4' name='in$/peopleflatwithcityloop'>
      <elemNode t='200' idref='4'/>
    </child>
    <child t='166' id='23' V166='5' docType='2' docReposPath='/EAI/Sample Data/FORGE/people_flat/people_flat' V1='4' name='out$/peopleflat'>
      <elemNode t='200' idref='15'/>
    </child>
  </child>
  <child t='201' id='3' V1='4' name='Inherits From'>
  </child>
</root>
