<Supports_with_packaging_loop>
  <Pack>
    <IDpack>1234</IDpack>
    <Classification>
      <Codes>
        <Code name="Type">QWE</Code>
      </Codes>
    </Classification>
    <Supports>
      <Support>
        <ID>asd123</ID>
        <Specifications>
          <Property>
            <NameValue name="testval">1</NameValue>
          </Property>
          <Property>
            <NameValue name="testval1">val2</NameValue>
          </Property>
        </Specifications>
        <PackageID>1234</PackageID>
      </Support>
      <Support>
        <ID>test56</ID>
        <Specifications>
          <Property>
            <NameValue name="testval">14</NameValue>
          </Property>
          <Property>
            <NameValue name="testval1">Val3</NameValue>
          </Property>
        </Specifications>
        <PackageID>1234</PackageID>
      </Support>
    </Supports>
  </Pack>
  <Pack>
    <IDpack>1234</IDpack>
    <Classification>
      <Codes>
        <Code name="Type">QWE</Code>
      </Codes>
    </Classification>
    <Supports>
      <Support>
        <ID>asd123</ID>
        <Specifications>
          <Property>
            <NameValue name="testval">1</NameValue>
          </Property>
          <Property>
            <NameValue name="testval1">val2</NameValue>
          </Property>
        </Specifications>
        <PackageID>1234</PackageID>
      </Support>
      <Support>
        <ID>test56</ID>
        <Specifications>
          <Property>
            <NameValue name="testval">14</NameValue>
          </Property>
          <Property>
            <NameValue name="testval1">Val3</NameValue>
          </Property>
        </Specifications>
        <PackageID>1234</PackageID>
      </Support>
    </Supports>
  </Pack>
  <Pack>
    <IDpack>456</IDpack>
    <Classification>
      <Codes>
        <Code name="Type">RTY</Code>
      </Codes>
    </Classification>
    <Supports>
      <Support>
        <ID>wer123</ID>
        <Specifications>
          <Property>
            <NameValue name="testval">1.3</NameValue>
          </Property>
          <Property>
            <NameValue name="testval1">val2</NameValue>
          </Property>
        </Specifications>
        <PackageID>456</PackageID>
      </Support>
    </Supports>
  </Pack>
</Supports_with_packaging_loop>