Respondent,Assigned Segment,I always choose higher end hotels,On vacation I pride myself on discovering new places and things my friends have not seen before,I choose more expensive hotels and accommodations to make sure I get the best service and amenities,It is important for me to be in a luxurious setting and to be pampered on vacation,I like to immerse myself in the local culture when on vacation,The difference between luxury and standard hotels just is not big enough to justify the cost,I always pay more for a higher class of room on my vacations,I would rather spend as little as possible on accommodations so I have more money to spend on other parts of my vacation,I think spending more for unique experiences is part of what makes a vacation special,I like to go on vacations that are off the beaten path,Cheap + Comfy,Cheap + Curious,Curious,Comfy,Craver,Caviar
496367,Curious,1,5,3,3,5,2,1,1,3,2,35.65,35.19,36.79,33.97,24.88,28.91
496360,Comfy,3,3,3,3,4,4,2,4,2,3,52.12,46.99,51.69,53.22,46.62,45.48
496350,Caviar,5,5,5,5,5,1,5,1,5,5,76.74,73.22,96.91,96.50,107.86,109.61
496339,Cheap + Comfy,2,3,2,3,4,4,2,3,3,4,48.33,46.10,47.23,46.41,38.38,37.37
496333,Curious,3,5,3,2,5,3,2,3,3,4,56.68,58.24,61.83,57.45,53.95,53.01
496332,Caviar,3,3,3,3,4,1,4,1,5,3,45.18,39.71,51.36,52.75,48.79,54.34
496299,Comfy,3,3,3,4,2,4,3,3,2,3,46.38,36.31,45.31,50.62,43.70,44.53
496244,Curious,3,5,3,3,5,3,3,2,4,4,61.68,62.53,69.74,66.11,66.00,65.42
496218,Caviar,5,5,5,5,5,1,3,3,4,3,70.98,66.76,86.26,86.79,94.63,95.10
496126,Craver,4,4,5,4,3,4,3,5,4,4,76.39,71.58,84.85,86.22,89.74,85.67
496050,Curious,4,5,5,1,5,5,3,3,5,3,79.50,80.59,88.84,84.71,86.72,84.01
496031,Caviar,5,3,5,4,4,2,4,2,4,3,63.63,54.30,74.56,78.84,81.89,85.09
496028,Caviar,4,1,5,5,2,1,5,1,4,1,41.21,22.25,46.04,58.35,54.87,64.14
496024,Caviar,5,5,5,5,3,1,5,1,3,3,58.72,48.00,72.40,77.58,82.70,87.63
496019,Craver,5,4,5,5,3,4,4,2,5,4,78.89,71.46,91.81,94.60,102.17,100.96
496014,Caviar,4,5,5,5,5,1,4,2,4,3,66.74,62.10,81.61,82.59,89.19,91.33
496005,Craver,5,4,5,5,5,3,3,3,3,3,73.58,67.12,85.50,87.87,94.07,93.14
495996,Comfy,3,3,4,3,4,2,1,1,3,2,36.63,29.13,37.96,40.15,31.56,37.59
495993,Caviar,5,2,5,5,2,1,5,1,5,2,52.65,36.64,62.19,71.83,73.27,80.53
495981,Caviar,4,2,4,4,4,1,3,1,4,3,45.30,35.53,51.86,56.28,53.28,59.62
495971,Craver,5,5,4,4,5,1,4,3,5,4,73.65,72.35,89.57,87.89,95.84,95.47
495956,Craver,3,5,3,5,5,4,2,5,5,3,78.86,81.12,87.18,83.84,88.68,81.53
495954,Caviar,5,1,5,5,1,1,4,1,1,1,28.26,4.32,29.22,44.71,37.20,48.20
495931,Curious,3,5,2,4,4,3,2,4,4,3,59.44,59.63,63.80,61.46,60.17,56.87
495919,Caviar,5,4,5,4,4,2,5,3,5,4,76.80,71.20,91.87,93.63,101.43,101.55
495894,Craver,3,5,3,4,5,3,4,2,4,2,62.38,60.17,70.33,69.88,71.15,71.14
495870,Comfy,3,5,3,3,1,3,5,3,3,4,51.17,44.16,54.88,57.67,53.90,54.79
495858,Cheap + Curious,1,5,1,1,5,4,1,4,4,5,52.54,61.10,51.85,42.43,33.50,28.95
495857,Cheap + Curious,1,4,1,2,4,5,1,4,5,3,52.73,56.85,48.99,43.60,34.00,29.46
495854,Curious,3,4,3,4,4,2,1,3,2,4,44.87,41.15,47.81,47.61,42.38,43.32
495841,Caviar,5,5,5,5,4,2,5,1,5,5,77.48,72.61,95.90,96.46,106.97,107.96
495840,Caviar,4,3,4,4,4,1,4,2,4,4,54.95,47.82,64.60,67.30,67.88,71.64
495837,Caviar,4,5,4,4,4,2,4,1,4,3,59.53,54.37,70.48,71.39,73.86,76.75
495832,Craver,4,4,4,5,3,4,3,3,2,4,62.85,54.81,68.95,72.47,73.34,71.96
495831,Caviar,4,5,4,4,5,2,5,2,4,3,68.36,64.83,81.37,81.67,86.97,87.99
495821,Curious,3,4,3,3,5,4,2,4,4,2,63.47,62.76,66.74,65.12,62.76,59.89
495817,Caviar,3,5,4,4,5,2,3,2,4,4,62.29,61.49,73.10,70.81,73.03,73.63
495816,Caviar,4,5,3,3,3,3,4,2,5,1,58.09,52.77,64.08,65.59,64.78,66.27
495815,Caviar,5,4,5,5,3,1,5,1,5,3,63.23,53.02,77.65,82.59,88.68,93.37
495810,Curious,3,5,3,2,5,5,2,5,5,5,80.28,86.60,87.31,79.85,81.27,73.45
495808,Craver,4,5,4,5,5,3,1,5,5,5,82.25,85.22,94.82,90.01,97.52,90.74
495799,Caviar,4,2,4,5,3,3,5,2,3,3,56.53,43.44,62.40,70.35,70.07,73.02
495798,Craver,5,4,5,3,5,1,5,5,5,5,81.69,80.23,98.40,97.27,105.92,104.09
495791,Craver,4,4,5,5,4,4,3,3,4,3,74.37,68.35,84.19,86.37,91.15,89.23
495790,Caviar,4,5,5,5,4,2,4,2,5,3,71.01,66.10,85.16,86.32,93.23,94.13
495786,Craver,4,5,3,5,5,3,4,5,4,4,80.80,80.92,92.70,91.11,98.82,92.80
495784,Cheap + Curious,2,5,2,3,3,5,2,4,4,4,60.69,62.07,61.47,57.97,53.48,48.39
495771,Curious,3,5,3,1,5,5,3,4,3,5,70.23,73.92,75.25,69.47,67.33,62.49
495768,Comfy,2,4,3,3,3,3,2,4,3,2,44.90,40.44,43.74,44.92,36.71,37.00
495767,Curious,4,5,3,3,5,4,3,3,5,5,77.89,80.89,88.76,83.51,87.93,83.40
495766,Caviar,5,5,5,5,4,2,5,2,4,3,73.19,65.96,88.58,91.56,100.06,101.27
495765,Craver,5,5,5,5,5,4,4,4,5,5,96.50,96.02,114.06,112.09,125.29,118.95
495764,Caviar,4,4,4,4,4,1,3,3,3,2,50.98,43.66,58.05,61.15,60.06,63.23
495759,Caviar,4,4,5,5,3,2,4,3,3,2,58.90,48.28,67.36,73.30,75.13,77.47
495758,Cheap + Comfy,3,4,2,3,4,4,2,2,2,3,45.97,42.05,45.68,45.71,38.37,38.79
495745,Caviar,5,5,5,5,5,2,5,1,5,5,81.08,77.80,100.76,100.20,111.98,112.42
495739,Caviar,4,4,4,3,4,2,4,1,4,3,54.76,48.60,63.47,64.99,64.38,68.58
495734,Cheap + Comfy,1,4,1,5,2,5,1,5,2,2,42.72,38.16,35.03,37.16,26.62,22.10
495722,Caviar,4,5,5,5,5,1,4,2,4,5,70.48,67.74,87.27,86.47,94.45,95.50
495715,Caviar,5,4,5,5,4,2,4,2,4,3,68.41,60.07,81.57,85.23,91.37,93.26
495707,Caviar,3,5,4,5,5,2,4,2,5,3,68.40,66.55,81.08,80.29,85.74,85.87
495700,Curious,3,4,3,2,4,4,2,2,2,3,46.47,42.43,46.63,46.39,38.33,39.77
495694,Caviar,5,5,5,5,5,1,5,1,5,3,72.99,67.58,91.25,92.62,102.60,105.44
495656,Craver,4,5,4,5,5,3,3,3,5,3,76.98,75.79,89.58,88.19,95.30,92.46
495653,Craver,5,5,5,5,5,2,2,2,4,4,71.98,68.88,86.91,85.88,93.29,93.22
495646,Caviar,4,4,4,4,4,2,3,2,4,4,59.61,54.89,69.22,69.76,71.09,72.74
495644,Comfy,3,2,3,4,3,4,3,2,4,2,49.63,40.11,49.68,54.68,48.78,50.72
495643,Craver,4,5,4,3,5,4,4,4,5,5,85.84,88.13,98.86,94.60,101.58,96.19
495638,Craver,4,5,4,4,3,4,3,2,5,2,67.03,62.01,74.84,75.85,77.88,77.33
495637,Craver,4,5,3,5,5,4,2,4,2,5,72.51,72.13,81.10,78.87,82.81,77.17
495635,Cheap + Curious,2,5,1,1,3,5,2,4,5,5,58.91,64.38,58.54,51.43,44.28,38.87
495629,Caviar,5,5,5,5,4,1,5,1,5,4,71.26,65.22,89.22,90.82,100.21,103.06
495621,Caviar,5,5,5,5,2,1,2,1,5,2,53.61,44.12,64.49,68.08,70.50,75.38
495612,Caviar,5,4,5,3,4,2,4,3,4,4,68.82,63.32,81.06,82.21,86.09,87.22
495600,Curious,3,4,3,3,3,5,3,5,3,5,67.91,66.10,70.81,69.91,67.89,62.38
495596,Comfy,4,3,3,4,2,3,1,2,3,2,39.72,29.31,38.92,43.65,35.94,39.14
495594,Craver,5,5,5,5,5,2,4,4,4,3,80.54,76.62,96.13,97.03,106.85,104.70
495586,Curious,1,5,2,3,5,1,2,1,5,5,43.48,48.03,49.61,42.88,37.75,40.10
495585,Craver,3,5,4,4,5,3,4,2,5,4,72.39,72.37,84.63,82.08,86.90,85.75
495576,Caviar,4,5,4,3,5,2,4,2,4,4,65.77,64.38,77.95,75.97,79.19,80.19
495572,Caviar,5,5,5,5,5,1,5,1,4,3,69.46,62.98,86.68,88.85,97.67,100.99
495565,Craver,3,4,5,5,5,3,3,2,5,4,72.57,70.02,84.83,84.15,89.36,88.76
495559,Cheap + Curious,2,5,2,3,4,4,2,4,4,4,59.95,62.68,62.48,58.02,54.37,50.03
495554,Comfy,3,1,3,3,5,3,2,3,3,2,44.95,37.42,43.76,47.27,38.76,41.27
495550,Curious,3,5,3,4,5,2,3,4,4,3,63.66,63.89,72.01,69.84,71.42,69.38
495537,Craver,3,5,4,4,5,2,3,3,5,4,68.81,69.69,80.57,77.34,81.25,79.99
495535,Caviar,5,4,5,5,3,1,5,2,4,4,64.56,54.82,78.82,83.51,89.66,92.93
495533,Caviar,5,5,4,5,3,1,4,3,3,3,59.73,51.52,71.02,74.76,78.91,80.60
495532,Caviar,4,5,5,5,5,2,4,2,5,3,74.61,71.28,90.02,90.07,98.25,98.59
495531,Comfy,4,3,3,3,3,2,3,3,3,3,46.08,38.14,48.78,52.11,46.75,49.50
495524,Craver,5,5,5,4,5,4,5,5,5,5,99.50,99.72,116.95,114.77,127.78,120.71
495519,Craver,4,3,4,4,4,4,4,4,4,3,72.08,65.90,79.13,81.98,84.20,81.84
495498,Craver,5,4,4,5,4,5,5,4,5,5,94.19,90.96,108.20,108.74,119.76,113.02
495497,Comfy,4,3,4,4,5,2,2,5,1,2,53.06,45.50,56.43,60.24,57.22,57.44
495496,Caviar,4,5,4,4,5,2,3,2,4,4,65.77,64.26,77.96,76.04,79.99,80.35
495495,Comfy,3,2,3,4,4,2,2,2,3,2,38.79,29.84,39.16,43.46,35.81,40.25
495480,Curious,3,4,3,3,4,3,2,4,4,4,59.26,58.64,63.69,61.55,58.87,56.79
495478,Curious,3,3,3,3,5,3,1,3,5,3,56.76,56.14,60.37,58.06,54.21,53.67
495477,Craver,5,3,4,5,3,4,4,3,4,3,71.19,61.48,79.36,84.56,88.46,87.20
495476,Caviar,5,3,5,4,3,2,4,2,5,2,61.68,50.90,71.44,76.93,79.18,82.99
495472,Craver,4,5,4,4,4,4,4,2,4,3,71.21,67.11,81.09,81.54,85.40,84.30
495470,Comfy,3,4,4,5,3,3,3,4,3,3,59.67,52.84,64.88,68.13,67.85,66.71
495462,Caviar,5,3,4,5,4,2,3,1,1,2,45.44,32.00,51.05,58.34,56.42,61.91
495459,Curious,3,5,3,4,4,4,2,3,3,3,59.99,57.97,64.25,63.18,61.63,59.32
495456,Comfy,3,3,3,3,4,4,4,3,4,4,62.53,58.83,66.98,67.53,65.44,64.26
495454,Craver,5,5,5,5,5,5,5,5,5,5,106.07,105.88,123.93,122.33,137.51,128.55
495451,Comfy,4,3,2,3,2,3,3,3,1,3,37.03,26.36,34.55,39.97,30.44,32.96
495450,Comfy,3,1,4,4,3,2,3,1,4,1,36.26,22.32,36.44,44.59,36.29,43.94
495445,Craver,5,5,5,4,5,3,4,1,5,5,80.97,79.10,98.36,96.26,105.71,105.35
495439,Comfy,3,4,3,5,5,4,2,3,1,4,58.09,54.15,62.04,62.63,61.12,58.85
495438,Craver,4,4,4,4,5,3,3,3,4,3,68.68,65.42,78.00,78.02,80.89,79.85
495435,Cheap + Curious,1,5,2,2,3,5,1,4,2,4,45.69,46.81,41.22,37.55,26.25,22.90
495429,Craver,5,5,5,5,4,1,4,4,5,5,79.87,77.11,97.66,97.24,107.89,106.04
495426,Craver,4,5,5,5,5,2,4,4,4,4,78.93,76.67,94.10,93.74,102.52,100.07
495423,Caviar,4,5,4,5,2,4,4,1,4,4,65.11,57.55,74.42,77.09,80.31,80.56
495421,Comfy,3,3,3,4,4,2,2,3,4,4,51.61,47.86,56.18,56.41,53.17,53.93
495417,Cheap + Comfy,1,3,1,3,3,5,1,3,1,3,31.69,27.04,22.20,23.31,7.68,7.17
495415,Comfy,3,3,3,3,3,4,2,3,3,2,47.19,40.01,45.66,48.56,40.62,41.46
495409,Caviar,5,2,5,5,4,2,5,2,5,4,70.94,60.81,84.32,89.66,95.97,98.35
495408,Craver,2,5,3,5,5,3,3,3,5,2,65.42,65.47,72.95,71.25,73.21,70.94
495407,Craver,4,5,4,4,5,4,3,4,5,5,85.84,88.02,98.87,94.67,102.37,96.34
495406,Caviar,5,4,5,5,3,1,5,2,5,3,66.22,56.61,80.56,85.35,91.97,95.29
495405,Caviar,5,5,5,5,5,1,5,1,5,3,72.99,67.58,91.25,92.62,102.60,105.44
495403,Curious,3,5,4,3,5,2,3,2,4,4,60.06,59.92,69.97,66.95,67.43,68.61
495399,Caviar,5,5,5,5,5,1,5,1,5,5,76.74,73.22,96.91,96.50,107.86,109.61
495397,Curious,3,5,3,3,5,5,3,4,5,5,81.74,86.29,90.65,84.74,88.39,81.42
495396,Curious,3,5,3,3,5,3,2,3,3,4,58.90,59.82,64.96,61.30,59.55,58.03
495393,Craver,5,5,3,5,5,3,3,3,5,5,81.48,82.24,96.03,92.76,101.96,97.35
495391,Caviar,5,5,5,5,4,1,3,1,5,4,66.80,61.83,82.99,83.24,90.60,93.34
495390,Cheap + Comfy,2,4,2,3,3,5,2,5,3,4,57.59,56.86,55.92,54.41,47.95,42.72
495387,Cheap + Comfy,1,3,1,3,3,4,1,3,5,1,37.72,35.25,30.96,30.84,18.02,17.97
495385,Cheap + Comfy,2,3,2,1,2,2,2,3,2,3,22.57,16.00,16.17,18.08,1.33,6.25
495383,Caviar,5,2,4,4,3,2,5,1,4,2,52.11,38.26,59.12,67.10,66.32,72.34
495376,Craver,5,5,5,5,5,1,4,4,3,5,76.41,73.08,93.38,93.43,103.04,101.61
495373,Curious,3,4,3,4,4,5,2,3,3,4,63.66,61.18,67.04,66.28,64.50,61.08
495372,Comfy,3,3,3,5,3,3,1,1,2,2,35.56,25.11,34.56,39.50,31.38,35.54
495369,Caviar,4,5,5,5,3,2,4,2,5,4,69.27,63.73,83.13,84.51,90.85,91.76
495364,Curious,3,4,3,3,4,3,2,3,4,3,54.40,52.23,57.95,56.86,52.95,52.78
495359,Caviar,4,5,4,5,4,3,2,1,5,3,65.17,61.74,75.79,75.15,78.91,79.30
495358,Craver,4,3,4,5,4,4,4,3,5,3,74.85,68.50,83.92,86.86,91.45,89.38
495352,Curious,3,4,4,3,5,3,3,2,4,4,61.86,60.30,69.93,68.12,67.68,68.27
495351,Craver,4,4,4,4,5,3,4,3,4,5,74.65,72.75,86.78,85.69,90.95,88.88
495347,Comfy,4,4,4,2,3,3,3,2,2,3,46.97,39.09,49.98,52.50,46.51,50.08
495345,Caviar,4,3,4,4,3,3,4,2,4,3,58.16,48.96,64.61,69.02,68.49,70.72
495340,Curious,4,5,4,2,5,2,3,3,2,5,59.12,58.30,68.31,65.47,64.84,65.42
495339,Caviar,4,4,5,5,5,3,4,1,4,3,69.89,63.47,82.51,84.70,90.28,91.89
495337,Cheap + Curious,1,5,1,1,2,5,1,5,5,5,52.58,58.32,48.60,41.42,30.79,24.75
495336,Curious,3,4,2,2,4,4,3,3,4,4,57.89,57.78,60.54,57.88,53.36,51.52
495334,Curious,3,5,3,3,5,2,3,3,4,5,62.19,64.36,71.63,67.11,67.79,66.61
495333,Caviar,4,5,5,4,4,1,4,3,5,3,67.43,63.53,81.09,81.52,86.80,88.22
495332,Curious,3,4,3,3,4,4,3,1,4,4,56.88,54.15,61.93,60.77,57.94,58.71
495330,Comfy,4,4,3,3,3,2,3,5,1,2,45.67,37.47,46.51,50.67,44.72,45.51
495329,Comfy,4,4,3,3,3,3,2,2,4,3,51.29,46.23,55.05,55.58,51.61,53.12
495328,Craver,4,5,4,5,4,3,4,3,4,5,75.82,73.34,88.93,88.33,95.41,92.59
495327,Craver,5,5,5,5,5,5,5,5,5,5,106.07,105.88,123.93,122.33,137.51,128.55
495326,Comfy,3,3,3,3,4,3,3,3,3,3,50.55,45.13,52.62,54.33,48.94,50.06
495324,Craver,4,5,5,4,5,4,4,2,5,2,79.20,76.04,91.76,91.67,98.28,97.12
495323,Curious,3,4,3,3,4,4,1,5,5,5,69.77,72.54,74.72,69.94,69.04,63.19
495322,Curious,1,5,3,5,4,4,3,3,4,4,62.89,63.13,68.16,66.08,65.68,62.31
495320,Cheap + Comfy,1,3,1,3,3,1,3,3,5,3,32.89,30.55,31.32,31.19,20.51,23.42
495319,Comfy,3,4,3,4,2,2,3,1,4,4,43.20,36.20,47.65,49.73,45.25,49.18
495316,Curious,3,5,3,3,4,2,4,2,4,4,55.96,54.47,64.15,62.45,61.66,63.01
495315,Caviar,4,4,4,4,5,2,4,2,4,5,67.32,64.59,80.02,79.23,83.54,84.15
495314,Curious,3,5,2,3,5,3,3,3,5,5,67.34,71.59,75.97,70.04,71.29,67.87
495312,Caviar,4,5,5,5,3,2,3,2,4,2,59.77,51.79,69.79,73.07,75.85,78.28
495310,Comfy,4,1,4,3,1,1,3,3,3,1,28.41,11.13,25.85,36.50,25.12,33.30
495309,Caviar,5,4,5,5,4,1,1,1,5,5,61.66,57.07,75.69,75.07,79.73,82.54
495308,Caviar,4,3,4,4,5,2,5,2,4,4,65.13,59.27,76.43,78.54,81.83,83.78
495307,Caviar,5,5,5,5,3,2,5,1,5,3,70.12,61.79,85.38,88.83,96.69,99.33
495303,Cheap + Curious,2,5,2,3,5,3,2,5,3,5,60.54,65.09,64.66,58.98,56.24,51.24
495301,Caviar,4,3,4,5,3,2,3,3,3,3,53.26,43.25,59.11,64.37,63.51,65.54
495300,Caviar,4,2,4,5,3,2,5,1,5,1,52.51,38.85,59.12,67.56,67.27,73.00
495295,Caviar,4,4,4,4,4,2,3,2,4,4,59.61,54.89,69.22,69.76,71.09,72.74
495294,Curious,3,5,3,3,5,4,3,3,5,4,72.54,75.30,81.06,76.34,78.35,74.60
495291,Comfy,3,1,4,4,3,2,4,1,2,2,33.31,17.62,33.25,42.76,33.86,42.00
495289,Craver,3,5,3,4,5,5,3,4,5,5,83.97,87.87,93.77,88.60,93.99,86.44
495288,Curious,2,5,2,3,5,3,3,3,4,4,58.45,61.39,63.71,59.09,56.78,54.62
495286,Caviar,5,3,4,4,4,1,3,1,4,3,51.33,42.49,60.61,64.05,64.12,69.49
495279,Craver,4,5,3,5,4,4,3,3,3,2,66.06,61.19,72.53,74.11,76.36,73.84
495278,Curious,3,5,3,3,5,4,4,2,4,3,66.38,65.98,73.87,71.66,72.31,71.02
495275,Cheap + Comfy,1,5,2,3,3,2,1,3,2,3,30.02,28.25,27.07,25.60,13.55,15.47
495268,Craver,3,4,4,4,5,3,4,3,4,3,67.43,64.34,76.25,76.58,78.74,77.99
495267,Curious,2,4,2,3,4,5,3,5,3,4,63.43,63.74,63.90,61.95,57.77,52.04
495266,Caviar,3,2,4,4,3,2,3,2,5,4,50.95,43.16,56.29,59.48,56.28,59.71
495265,Caviar,5,5,5,5,5,1,5,1,5,5,76.74,73.22,96.91,96.50,107.86,109.61
495264,Comfy,3,3,3,4,4,4,3,3,3,4,58.99,54.10,62.42,63.83,61.30,59.98
495260,Comfy,4,3,3,4,3,2,3,3,2,1,41.03,29.47,41.68,48.31,42.16,45.91
495259,Curious,3,5,3,4,5,4,3,2,4,4,68.25,68.69,76.71,73.67,75.73,73.26
495257,Cheap + Curious,1,4,2,1,4,4,2,4,4,4,49.47,52.56,47.47,42.54,32.33,30.13
495255,Caviar,4,4,4,5,3,3,3,2,4,4,62.58,55.86,71.33,73.57,75.79,76.12
495253,Cheap + Comfy,3,3,3,1,1,5,1,3,2,3,35.98,27.57,28.67,31.42,16.40,18.09
495251,Cheap + Curious,3,5,1,1,5,5,2,4,3,5,62.54,68.31,63.98,56.60,51.41,45.62
495250,Craver,4,5,4,4,5,1,4,4,5,5,75.03,75.98,90.45,87.35,94.80,92.76
495249,Caviar,5,5,5,5,5,1,4,1,5,3,70.76,65.89,88.13,88.84,97.80,100.57
495247,Curious,3,5,3,3,5,3,2,4,5,5,70.83,75.44,79.83,73.55,75.33,70.92
495244,Curious,2,5,3,3,5,4,2,3,5,5,68.70,73.66,75.91,69.27,69.22,65.10
495243,Caviar,5,4,5,5,4,1,5,1,5,3,66.83,58.21,82.51,86.34,93.70,97.83
495242,Caviar,4,4,4,4,3,2,4,2,3,2,50.96,41.15,57.25,62.14,60.69,64.53
495240,Caviar,5,5,5,5,4,1,4,3,5,4,75.00,70.70,91.92,92.54,101.98,102.04
495239,Caviar,4,3,4,4,4,3,4,1,4,3,58.77,50.56,66.56,70.01,70.22,73.26
495237,Craver,5,5,1,5,5,1,3,3,5,5,67.33,69.18,80.19,76.27,82.59,79.71
495236,Curious,2,5,3,3,4,5,2,4,4,4,67.02,69.21,70.40,66.26,64.05,58.85
495233,Comfy,3,2,4,4,3,2,3,1,3,2,37.16,24.72,38.58,45.29,37.87,44.73
495232,Comfy,3,4,3,3,3,4,3,4,3,3,56.83,52.30,58.40,59.58,55.22,53.48
495231,Craver,5,3,5,5,4,4,5,2,4,4,78.65,69.55,91.33,95.82,103.18,102.69
495230,Craver,3,5,4,5,5,2,4,2,4,5,68.62,67.59,82.17,80.39,86.06,85.60
495229,Cheap + Curious,2,4,2,2,4,4,2,3,3,4,48.65,48.71,47.99,45.09,36.67,35.50
495228,Caviar,4,4,4,3,3,3,4,3,4,3,61.47,55.16,68.27,70.45,70.06,70.77
495227,Caviar,4,4,4,4,3,2,4,2,4,4,58.24,51.40,67.48,69.79,70.87,73.14
495226,Caviar,5,5,5,5,4,1,5,2,5,4,74.25,68.81,92.13,93.57,103.50,104.98
495225,Craver,4,5,4,4,5,2,4,2,5,4,71.53,70.56,85.65,83.60,89.73,89.65
495224,Caviar,5,5,5,5,5,1,5,1,5,5,76.74,73.22,96.91,96.50,107.86,109.61
495223,Curious,3,4,3,3,3,4,3,3,4,4,59.25,56.14,62.89,62.54,59.50,58.09
495222,Cheap + Curious,2,4,2,3,5,3,2,5,3,4,56.12,58.08,57.95,54.50,49.73,46.00
495220,Cheap + Curious,2,4,2,3,5,4,2,4,3,3,55.60,56.25,56.06,53.51,47.94,44.82
495219,Comfy,3,3,2,5,3,3,1,2,2,4,39.56,32.38,39.06,41.59,34.36,35.63
495218,Cheap + Curious,1,4,2,1,4,3,2,3,4,3,40.26,41.57,37.89,34.14,22.29,23.31
495217,Cheap + Curious,2,4,1,1,5,5,2,5,3,3,55.75,59.29,52.48,47.71,38.60,33.51
495216,Caviar,4,5,4,4,5,2,4,2,4,3,66.13,63.14,78.25,77.89,82.16,83.12
495215,Caviar,4,3,4,5,3,3,3,2,4,3,58.15,48.85,64.62,69.09,69.28,70.88
495214,Caviar,4,4,4,5,3,2,4,1,5,3,59.13,51.18,69.43,72.73,75.49,78.60
495213,Caviar,5,5,5,5,4,2,3,2,4,2,66.85,59.75,79.51,82.05,87.82,89.46
495212,Caviar,4,4,3,5,3,2,3,2,4,4,55.50,49.32,63.41,65.32,66.11,67.30
495209,Curious,3,5,3,3,5,3,3,5,5,5,76.04,80.72,85.86,80.09,83.42,77.71
495208,Caviar,4,4,5,5,3,3,5,2,4,4,69.77,61.21,81.65,85.68,90.96,91.84
495207,Curious,2,5,3,4,5,5,1,5,5,5,79.02,85.29,85.58,78.55,80.71,71.92
495206,Caviar,5,5,5,5,5,1,4,2,5,4,75.62,72.30,93.87,93.53,103.71,104.58
495204,Curious,2,5,3,3,5,3,4,4,5,5,71.81,76.06,81.21,75.90,77.99,73.94
495203,Comfy,3,1,4,4,5,5,2,2,3,3,57.48,49.34,58.58,62.26,57.51,58.09
495202,Curious,4,5,3,3,4,3,3,3,4,4,64.54,63.71,72.65,70.35,71.23,69.60
495201,Caviar,4,3,4,3,4,3,3,3,5,3,63.82,59.07,70.69,71.65,71.32,71.66
495200,Craver,4,5,4,5,5,2,4,4,5,5,81.60,82.14,97.42,94.91,104.52,100.60
495199,Curious,3,5,3,3,5,3,2,4,4,4,65.42,68.01,72.44,67.84,67.77,64.40
495198,Caviar,5,5,4,5,4,1,5,1,4,4,65.00,58.65,80.58,82.50,89.72,92.62
495196,Caviar,5,4,5,5,3,1,3,2,4,5,61.97,54.26,75.41,77.88,82.68,85.29
495195,Caviar,4,4,5,5,5,1,4,2,5,4,69.59,65.34,85.12,85.77,92.87,94.71
495193,Craver,5,5,5,5,5,2,4,3,5,4,82.95,80.46,100.63,99.99,111.12,109.31
495192,Craver,5,5,5,5,4,2,4,3,5,3,77.48,72.46,92.94,94.30,103.48,102.77
495191,Comfy,3,5,4,3,3,4,4,3,4,3,64.89,61.16,71.14,71.46,71.12,70.02
495190,Curious,4,4,3,3,4,5,3,4,4,3,71.79,69.44,76.54,76.03,76.26,71.91
495188,Curious,4,5,3,4,5,3,2,3,5,4,71.67,73.38,82.09,77.94,81.97,78.66
495187,Craver,3,5,5,5,3,5,2,3,3,2,66.55,60.04,71.68,74.14,74.82,72.62
495185,Craver,3,5,3,4,4,5,3,4,5,4,78.49,79.86,86.09,82.91,86.34,79.90
495183,Comfy,4,4,4,3,4,3,3,3,3,4,61.19,56.87,68.27,68.58,67.97,68.01
495182,Caviar,4,3,4,3,5,2,3,2,5,5,63.85,61.73,74.46,72.82,74.18,75.56
495181,Caviar,5,4,5,5,3,2,5,1,5,2,65.70,54.78,78.66,84.35,90.18,94.10
495177,Craver,4,4,4,4,4,5,4,4,4,4,80.85,77.49,89.69,90.16,94.84,89.89
495176,Cheap + Curious,1,4,1,1,5,5,3,5,4,3,58.03,62.82,55.30,50.04,41.38,36.10
495175,Comfy,3,2,3,3,4,3,3,3,4,4,53.40,48.37,56.13,57.51,52.62,53.44
495174,Caviar,4,4,4,4,4,2,2,3,4,4,60.37,56.78,69.00,68.72,69.57,69.79
495172,Comfy,3,3,3,3,3,4,3,4,4,3,57.81,52.71,59.08,60.81,56.27,54.77
495169,Curious,3,4,3,3,4,3,4,3,5,4,64.27,63.05,71.59,70.14,70.13,69.04
495166,Caviar,4,5,4,3,5,2,3,3,3,3,61.13,58.85,70.34,69.22,70.11,70.71
495165,Comfy,3,2,4,3,2,4,2,4,2,4,46.97,37.21,44.99,49.67,40.88,41.50
495164,Craver,5,5,5,4,4,2,5,3,4,4,75.82,70.78,91.19,92.39,100.38,100.25
495162,Caviar,4,3,4,4,3,2,4,2,4,3,53.81,44.39,60.76,65.32,64.36,67.91
495161,Comfy,3,4,3,3,3,3,4,4,4,4,60.12,56.84,65.07,65.38,63.46,62.06
495160,Craver,3,5,5,5,5,2,2,4,4,3,69.12,67.69,80.17,79.00,83.32,81.54
495157,Curious,4,4,3,3,4,3,3,3,4,3,60.11,56.70,65.94,65.87,64.72,64.36
495156,Caviar,4,2,4,4,3,1,4,2,4,3,46.92,35.62,53.03,59.08,56.35,61.95
495155,Curious,2,4,2,4,5,4,2,4,3,5,61.57,63.46,64.85,61.25,58.79,54.01
495152,Craver,5,5,3,5,5,3,4,1,4,4,72.33,69.34,85.94,85.32,92.63,91.84
495150,Comfy,4,3,4,3,3,3,2,5,4,4,62.31,57.58,66.79,67.79,65.76,63.82
495148,Caviar,4,5,4,5,5,1,4,1,5,2,62.67,58.34,76.36,77.13,82.65,85.77
495147,Curious,3,5,3,3,5,4,3,3,5,5,74.41,78.12,83.89,78.28,80.98,76.68
495146,Caviar,5,5,5,5,5,4,5,1,4,1,78.75,71.06,92.56,96.07,104.79,105.27
495145,Caviar,3,4,4,4,4,3,4,2,4,3,60.83,55.57,68.49,70.07,70.43,71.62
495142,Caviar,5,4,5,5,4,1,5,2,5,5,73.57,67.44,91.07,92.97,102.24,103.92
495141,Craver,4,5,4,4,5,2,3,3,3,4,65.23,63.25,76.30,75.02,78.34,77.82
495139,Caviar,5,4,4,4,3,2,1,3,4,3,56.14,49.85,63.06,64.48,64.07,65.10
495138,Craver,4,4,4,4,5,4,4,4,5,3,81.77,79.88,92.44,92.04,98.04,93.89
495137,Comfy,3,4,3,3,3,3,2,5,2,2,47.84,42.19,46.94,49.13,42.02,41.19
495135,Caviar,5,3,4,4,4,1,5,3,5,4,67.18,60.48,80.06,82.85,87.86,89.58
495134,Craver,5,5,5,5,5,3,4,2,5,3,82.44,78.63,98.73,99.00,109.34,108.12
495131,Curious,4,3,3,3,5,3,3,3,5,5,68.45,67.94,77.14,74.74,76.04,74.29
495127,Curious,3,5,3,3,5,4,2,3,4,5,68.65,71.82,76.20,70.72,71.24,67.38
495126,Curious,2,4,3,4,3,4,4,2,4,5,59.11,55.87,64.19,64.13,62.29,61.42
495125,Craver,5,5,5,5,5,4,4,3,4,5,89.99,87.83,106.58,105.55,117.07,112.58
495124,Craver,4,5,3,5,4,3,4,3,5,5,76.62,75.98,89.43,87.57,94.79,91.03
495121,Craver,4,5,3,5,1,4,2,4,5,3,64.93,59.56,69.71,71.33,72.28,68.49
495120,Craver,4,5,4,5,5,3,3,3,4,4,75.33,74.01,87.84,86.35,93.00,90.10
495118,Caviar,4,4,5,4,5,1,3,3,5,5,70.00,68.47,84.61,82.82,88.38,88.83
495115,Curious,3,5,4,2,5,3,2,4,3,4,62.40,63.79,68.81,64.75,62.80,60.93
495114,Caviar,5,5,5,5,5,2,5,1,4,3,73.80,67.55,90.53,92.55,101.80,103.81
495113,Curious,4,5,3,4,4,3,2,2,4,2,57.80,54.36,64.09,63.79,63.48,63.67
495111,Curious,3,4,3,3,4,3,1,4,2,4,49.97,47.73,51.44,50.21,44.20,43.04
495110,Caviar,4,4,5,4,5,2,4,2,4,3,66.31,60.91,78.44,79.89,83.84,85.98
495109,Caviar,5,3,5,5,3,1,5,1,5,3,60.68,48.83,73.76,80.05,84.80,90.22
495108,Caviar,4,4,4,3,5,2,4,3,4,3,64.34,60.96,74.14,74.25,75.97,76.87
495107,Caviar,5,4,4,4,5,2,4,1,4,5,67.81,63.77,81.98,81.70,87.21,88.94
495106,Curious,3,4,3,4,5,4,3,4,3,4,68.14,67.07,74.08,72.87,73.48,69.50
495103,Curious,3,4,3,3,5,3,3,3,4,4,62.11,61.93,68.76,66.33,65.40,64.19
495102,Comfy,3,3,3,4,3,2,4,3,3,4,48.93,41.46,52.99,56.46,52.83,54.75
495101,Caviar,4,5,4,5,4,2,4,2,3,5,64.96,60.57,77.61,78.10,83.07,83.41
495100,Craver,4,4,4,5,4,4,3,3,4,3,71.64,66.39,80.12,81.83,85.60,83.22
495099,Craver,4,4,4,4,4,4,4,4,4,3,74.63,70.09,83.01,84.52,88.09,84.99
495096,Cheap + Comfy,2,2,3,2,2,4,2,4,4,3,43.72,37.30,39.22,41.66,30.01,30.57
495095,Caviar,5,5,5,5,3,1,5,1,5,3,65.78,57.21,81.53,85.13,92.57,96.52
495094,Cheap + Comfy,1,3,3,2,3,2,3,2,3,4,32.30,27.48,30.97,31.75,19.63,24.49
495093,Caviar,4,4,4,3,4,2,2,1,4,3,50.30,45.21,57.23,57.42,54.77,58.85
495092,Craver,4,5,4,4,4,3,3,3,5,3,71.15,69.03,81.59,80.59,84.69,82.98
495090,Craver,5,4,4,4,5,4,2,3,4,4,76.14,73.89,86.42,85.10,89.79,86.60
495089,Curious,2,4,2,3,4,3,3,4,3,4,51.75,51.00,53.30,51.79,46.23,44.49
495087,Comfy,2,4,3,4,2,3,1,3,4,3,43.71,38.98,43.38,44.20,36.76,37.31
495086,Caviar,4,4,4,3,5,2,3,2,4,3,59.12,55.68,68.12,67.71,67.88,70.09
495085,Cheap + Curious,1,5,3,3,5,5,2,5,5,5,75.54,82.64,80.70,73.25,72.96,65.04
495084,Caviar,5,3,5,5,3,1,5,1,4,4,59.02,47.05,72.02,78.22,82.49,87.86
495083,Craver,4,5,4,4,5,3,4,2,5,5,77.75,77.96,92.33,89.24,96.48,94.55
495082,Comfy,3,3,3,4,4,4,4,3,4,4,64.75,60.40,70.11,71.39,71.03,69.28
495081,Caviar,4,5,4,4,4,2,3,2,4,3,60.29,56.26,70.27,70.35,72.34,73.80
495080,Craver,5,5,5,5,5,4,5,3,5,4,93.87,91.31,111.44,111.18,124.18,119.81
495079,Caviar,4,4,4,4,5,1,4,2,5,3,62.76,58.98,75.09,75.43,79.09,81.61
495078,Caviar,4,4,4,5,4,3,3,2,3,2,58.90,50.80,65.96,69.66,70.62,71.96
495077,Craver,4,4,4,4,4,5,4,5,5,5,89.24,88.50,100.00,98.63,105.69,98.33
495076,Craver,3,5,4,5,4,3,3,3,4,4,68.24,66.05,78.12,77.38,81.03,78.93
495074,Craver,4,5,4,4,5,3,4,2,5,5,77.75,77.96,92.33,89.24,96.48,94.55
495073,Curious,3,5,3,3,5,5,1,5,3,5,73.21,77.27,78.18,72.37,72.20,64.72
495072,Craver,4,4,5,5,5,3,2,3,5,3,74.93,71.87,86.65,86.41,92.17,90.45
495071,Craver,3,5,3,5,4,2,3,4,4,4,64.15,63.10,73.10,71.89,74.63,72.03
495069,Caviar,4,4,4,4,5,1,4,3,3,4,60.56,56.17,71.69,72.57,75.13,76.72
495068,Curious,4,4,3,2,4,3,2,3,4,3,55.66,53.42,59.69,58.23,54.31,54.48
495067,Curious,2,5,3,3,5,4,3,5,5,5,76.91,82.53,84.84,78.57,80.59,73.81
495064,Curious,2,5,2,5,5,3,2,5,5,5,72.05,77.46,80.06,74.25,77.30,70.17
495063,Craver,3,3,4,4,5,5,3,5,4,4,79.18,77.61,85.59,85.10,87.50,81.54
495062,Comfy,4,4,4,4,4,3,2,3,2,3,55.78,49.33,60.89,62.93,61.20,61.64
495060,Curious,3,4,3,2,3,4,2,2,4,3,49.93,46.46,50.90,50.20,43.18,44.20
495059,Comfy,3,3,4,4,2,3,3,2,5,2,50.50,41.10,53.50,58.09,54.01,57.04
495058,Curious,3,4,4,2,5,4,3,5,4,4,72.94,74.06,79.37,76.23,76.06,71.83
495057,Curious,3,5,4,3,3,3,2,2,4,4,54.97,52.43,60.98,59.37,56.72,57.64
495056,Curious,3,4,3,3,4,4,3,4,4,5,67.71,67.73,73.49,70.98,70.43,66.55
495054,Curious,3,5,2,3,5,3,1,2,1,5,45.77,46.19,48.55,44.61,38.67,38.44
495053,Curious,2,5,3,3,4,2,3,5,5,1,57.12,56.91,60.97,59.66,56.81,55.38
495051,Curious,3,3,3,5,5,1,1,1,5,5,50.29,48.61,58.78,56.73,55.84,58.42
495050,Craver,5,4,5,5,4,2,4,4,4,3,74.38,67.25,87.39,90.74,97.95,97.10
495048,Comfy,3,4,3,5,4,4,3,2,3,3,58.91,53.46,63.70,65.53,64.86,64.14
495045,Craver,5,4,4,3,4,4,2,4,4,3,71.43,67.89,78.51,78.31,79.84,76.95
495044,Curious,4,5,3,2,4,3,2,3,5,5,65.49,67.86,73.80,68.42,68.39,66.24
495041,Caviar,5,4,5,4,4,1,5,1,5,5,68.36,62.27,85.04,86.36,93.36,96.98
495039,Craver,3,5,3,4,4,3,4,3,5,5,70.92,71.63,81.43,78.48,82.24,79.30
495037,Craver,4,4,4,4,4,4,3,4,3,4,70.75,66.61,78.16,78.89,80.98,77.76
495036,Comfy,3,3,3,3,3,3,3,3,3,3,46.95,39.94,47.76,50.58,43.93,45.60
495034,Caviar,3,5,4,4,4,2,3,2,4,5,60.56,59.13,71.07,69.00,70.64,71.25
495033,Curious,2,5,3,1,4,3,3,4,5,4,59.65,63.20,64.14,58.71,54.34,52.48
495032,Comfy,3,3,3,3,5,3,4,2,3,4,55.27,51.24,60.52,61.05,58.11,59.54
495030,Curious,4,5,2,3,3,4,2,5,5,4,69.82,71.23,74.83,71.26,71.48,65.37
495028,Comfy,3,4,3,4,3,2,3,2,3,2,42.52,34.73,45.19,48.58,43.37,46.95
495026,Craver,4,4,4,3,4,3,4,3,4,4,66.95,63.17,75.96,76.14,77.71,77.31
495025,Caviar,4,4,4,4,5,2,3,2,3,4,59.69,55.47,69.51,69.73,71.17,72.75
495024,Curious,3,5,3,4,4,4,3,3,4,3,65.75,64.27,71.93,70.74,71.37,68.63
495023,Caviar,5,5,5,5,5,2,4,2,4,4,76.44,72.27,93.15,93.46,102.90,102.95
495021,Cheap + Curious,1,5,1,5,5,4,1,5,1,3,50.08,51.54,47.91,45.41,39.12,33.46
495020,Curious,4,5,4,2,4,5,2,4,1,3,62.03,58.49,64.55,64.14,60.50,57.85
495019,Caviar,4,4,5,3,5,4,4,2,3,3,69.24,63.87,78.44,79.66,81.56,82.14
495018,Caviar,5,4,5,5,3,1,5,1,4,3,59.70,48.42,73.08,78.82,83.75,88.93
495017,Craver,3,5,4,4,5,3,4,4,5,5,80.24,82.37,93.27,89.53,96.10,91.68
495015,Cheap + Comfy,2,3,2,4,3,5,1,5,5,1,56.48,53.31,52.69,53.68,46.83,42.36
495014,Caviar,4,5,5,5,3,2,4,2,5,3,67.40,60.91,80.30,82.57,88.22,89.67
495013,Caviar,4,4,4,4,4,2,3,1,4,3,54.75,48.48,63.48,65.06,65.17,68.73
495012,Curious,3,5,3,4,4,4,3,3,3,4,64.10,62.48,70.19,68.90,69.06,66.27
495011,Craver,4,4,4,4,3,3,2,5,4,4,67.08,63.35,73.81,74.19,75.25,71.99
495010,Caviar,4,4,3,3,4,3,4,2,4,3,59.36,54.80,66.15,66.90,66.23,67.31
495008,Curious,3,5,3,4,5,4,2,5,5,5,80.38,85.18,89.72,83.87,88.34,80.68
495006,Curious,4,5,3,3,5,3,2,5,5,5,77.29,81.80,87.61,81.54,85.57,79.56
495005,Caviar,4,5,4,5,3,2,4,2,4,5,64.89,59.99,77.32,78.13,82.98,83.40
495004,Caviar,5,5,5,5,3,2,4,1,5,3,67.89,60.09,82.26,85.04,91.89,94.47
495003,Curious,3,5,3,4,2,5,2,4,4,4,65.52,63.19,68.68,67.85,66.57,61.67
495002,Comfy,4,3,3,4,4,4,3,5,3,3,66.58,61.23,70.27,72.63,72.20,68.45
494999,Caviar,3,3,4,4,3,2,3,2,4,3,48.10,39.92,52.78,56.30,52.60,56.33
494997,Comfy,4,2,4,3,3,4,2,3,3,1,48.97,37.73,47.88,53.85,46.62,48.95
494995,Craver,4,5,4,5,5,2,4,2,5,3,71.88,69.32,85.95,85.52,92.70,92.59
494994,Curious,3,5,4,4,5,3,2,3,5,5,72.79,75.39,84.13,79.20,83.20,80.03
494992,Craver,5,4,5,5,4,3,3,2,5,4,75.92,70.38,89.70,90.86,98.26,97.74
494990,Caviar,4,4,5,5,3,2,5,1,5,4,65.97,57.65,79.46,83.00,88.48,91.55
494989,Craver,4,5,4,4,4,4,4,4,4,4,79.06,77.10,89.73,88.99,94.60,90.22
494988,Cheap + Curious,1,5,1,1,5,1,1,5,5,4,44.15,52.75,44.96,35.92,26.71,24.79
494987,Craver,4,5,3,4,5,4,4,2,4,4,73.96,73.15,84.70,82.69,87.49,84.84
494986,Caviar,5,1,5,5,4,3,4,2,4,5,68.84,57.72,79.42,85.20,89.10,90.80
494984,Caviar,4,3,5,4,2,2,4,3,3,3,52.39,40.14,58.32,65.09,63.25,66.93
494983,Curious,3,4,4,3,5,2,3,2,5,4,61.04,60.33,70.65,68.19,68.48,69.90
494982,Craver,5,5,3,5,5,3,4,2,4,4,75.32,72.93,88.85,88.07,95.92,93.76
494979,Curious,3,5,3,3,5,4,3,3,5,4,72.54,75.30,81.06,76.34,78.35,74.60
494978,Curious,3,4,3,3,4,5,3,4,5,4,73.71,74.09,79.07,76.52,76.86,71.73
494977,Caviar,3,4,4,4,4,2,4,3,4,4,61.35,57.40,70.38,71.07,72.22,72.80
494976,Comfy,4,2,3,5,3,2,3,4,3,2,49.09,37.87,51.23,58.10,54.72,56.23
494975,Craver,4,5,4,5,4,4,4,3,3,4,74.76,70.49,85.38,86.32,91.98,88.88
494974,Craver,4,5,4,4,3,3,3,3,4,4,65.89,62.06,75.00,75.00,77.37,76.16
494973,Cheap + Curious,2,5,2,3,5,5,2,4,4,5,69.77,75.26,74.02,67.40,66.14,59.39
494972,Cheap + Curious,1,3,3,2,5,5,1,4,4,5,59.47,62.79,59.21,54.00,46.57,42.50
494968,Caviar,4,4,4,4,4,3,3,3,3,3,61.54,55.63,68.57,70.50,70.94,70.94
494966,Craver,4,5,5,5,5,3,3,3,4,4,78.06,75.97,91.92,90.90,98.56,96.10
494965,Caviar,3,4,4,4,4,2,3,3,4,3,57.25,52.89,64.43,65.34,64.79,65.86
494964,Caviar,5,3,3,4,3,2,4,2,3,2,49.16,37.77,54.15,60.29,58.20,62.10
494963,Curious,3,4,3,3,4,3,3,4,5,4,65.03,64.94,71.38,69.11,68.61,66.10
494962,Comfy,4,2,4,4,4,4,2,4,3,3,61.54,53.72,64.44,68.09,65.78,64.52
494961,Caviar,4,3,4,5,4,2,4,2,5,5,66.92,61.40,78.98,80.58,85.17,86.00
494960,Comfy,3,3,2,2,3,3,3,1,1,2,27.08,17.20,22.77,27.18,13.71,19.76
494958,Caviar,5,5,5,5,5,1,5,1,5,5,76.74,73.22,96.91,96.50,107.86,109.61
494957,Comfy,4,3,3,4,4,4,2,4,4,4,66.76,63.37,71.65,71.80,71.66,68.19
494956,Cheap + Comfy,2,4,2,3,2,3,1,4,3,4,40.08,37.24,37.34,36.72,26.58,25.84
494955,Curious,3,3,4,2,5,4,2,3,4,4,62.18,61.00,66.55,64.39,60.80,59.97
494954,Craver,5,5,5,5,5,3,3,3,3,5,79.88,76.95,95.05,94.29,103.21,100.46
494953,Caviar,5,4,5,5,3,1,4,1,5,3,61.00,51.33,74.53,78.81,83.88,88.51
494952,Caviar,5,4,5,5,4,1,5,3,4,4,71.15,63.60,86.58,90.01,97.97,99.31
494950,Caviar,5,5,5,5,4,1,4,2,4,3,66.61,59.68,81.61,84.07,91.13,93.59
494949,Curious,3,4,3,2,4,3,4,3,4,4,58.51,56.86,63.89,62.51,59.59,59.58
494948,Caviar,5,3,5,5,3,2,5,2,5,2,66.14,54.18,77.69,84.57,89.58,92.87
494947,Caviar,4,4,4,3,3,2,4,3,5,3,60.66,55.19,68.99,70.53,70.87,72.40
494946,Caviar,5,5,5,5,4,3,4,1,4,4,74.19,68.07,89.23,90.66,98.73,99.39
494942,Caviar,3,4,4,5,5,2,4,2,4,5,66.07,63.40,78.29,77.86,82.18,82.45
494941,Caviar,4,3,4,4,3,2,5,2,5,5,63.32,56.33,74.11,76.76,79.36,81.39
494940,Caviar,4,5,4,4,4,2,2,3,4,3,61.05,58.15,70.06,69.32,70.82,70.86
494939,Caviar,4,4,4,3,5,2,4,3,3,4,62.68,59.17,72.41,72.41,73.66,74.51
494937,Craver,4,5,4,5,5,3,4,3,3,2,70.28,65.45,80.74,82.49,87.62,86.35
494936,Craver,4,5,4,5,5,4,5,1,4,4,78.15,74.80,92.11,92.12,100.16,98.81
494935,Caviar,4,3,4,4,3,3,3,2,4,2,54.05,44.45,58.66,63.29,61.05,63.78
494934,Craver,4,5,4,4,3,2,4,4,5,5,72.17,70.19,84.57,83.56,88.89,86.66
494932,Curious,3,5,3,3,5,3,3,1,5,3,60.35,60.73,68.57,65.19,65.02,65.86
494931,Craver,4,5,4,4,5,3,4,2,4,4,72.34,70.53,84.93,83.53,88.92,88.02
494929,Caviar,5,3,5,5,4,1,5,1,5,3,64.28,54.02,78.62,83.80,89.81,94.68
494928,Curious,3,4,3,4,5,3,2,2,4,5,60.99,61.05,68.69,65.58,65.54,64.51
494927,Comfy,4,4,4,3,4,3,2,3,4,2,58.74,54.14,64.06,64.69,62.84,63.42
494926,Curious,3,5,3,3,5,2,2,2,5,5,60.51,63.69,70.17,64.34,64.63,64.27
494924,Caviar,4,5,5,5,5,3,3,2,3,2,67.79,62.13,78.78,80.49,85.08,85.57
494923,Caviar,4,4,5,5,4,2,4,2,2,3,57.86,48.09,67.57,72.45,74.55,77.65
494921,Craver,5,5,5,5,4,2,3,3,5,3,75.24,70.76,89.82,90.52,98.67,97.90
494919,Cheap + Comfy,2,4,2,3,4,5,2,3,2,4,51.69,50.26,50.40,48.87,41.46,38.89
494918,Caviar,5,5,5,5,5,1,5,1,5,4,74.86,70.40,94.08,94.56,105.23,107.52
494917,Craver,3,4,4,4,4,3,4,3,4,3,63.82,59.16,71.39,72.83,73.72,73.53
494916,Caviar,4,3,5,4,4,2,3,2,5,3,61.45,54.44,71.14,73.60,75.06,77.95
494914,Caviar,5,5,5,5,4,1,5,1,5,4,71.26,65.22,89.22,90.82,100.21,103.06
494913,Caviar,3,4,4,3,4,2,4,3,5,3,60.78,57.61,68.99,69.05,68.93,70.14
494912,Craver,4,4,2,5,3,3,2,3,5,4,61.40,58.44,67.54,67.22,68.09,65.61
494911,Curious,3,4,2,4,4,5,3,4,4,4,69.68,69.11,73.56,72.05,71.97,66.30
494910,Curious,3,4,3,4,5,3,2,4,4,4,65.10,65.40,71.68,69.16,69.48,66.27
494909,Comfy,4,2,3,4,3,3,2,2,3,2,43.01,32.00,43.01,48.65,41.87,45.32
494908,Caviar,4,3,4,4,3,3,4,1,3,1,47.89,35.13,51.47,58.61,55.01,60.19
494907,Caviar,4,3,3,4,5,2,4,2,5,5,65.57,63.05,76.63,75.92,79.03,79.44
494905,Caviar,5,4,4,5,3,1,3,1,5,3,56.04,47.68,67.33,70.47,73.51,77.64
494904,Craver,4,4,4,4,4,3,3,3,4,4,66.94,63.05,75.97,76.21,78.50,77.47
494902,Curious,3,5,3,3,4,4,4,4,3,4,67.09,66.19,73.09,71.59,71.56,68.04
494900,Craver,5,4,5,5,5,2,4,3,5,4,80.40,76.27,96.74,97.45,107.24,106.16
494897,Curious,3,4,5,3,5,3,3,4,4,5,72.44,72.26,82.65,80.11,82.43,80.20
494896,Curious,3,5,3,4,5,3,3,2,5,5,69.31,71.54,80.27,75.68,79.16,76.97
494893,Cheap + Comfy,2,2,2,3,5,5,1,3,2,3,46.09,42.55,41.54,41.82,31.27,30.11
494892,Craver,5,5,3,5,3,3,2,4,5,3,71.28,68.13,80.44,80.35,85.15,81.31
494891,Craver,5,5,5,5,3,3,3,4,3,3,71.91,64.53,82.58,85.67,91.20,89.29
494890,Craver,3,5,4,4,4,3,3,2,5,4,66.56,65.49,76.65,74.54,77.07,76.43
494889,Cheap + Curious,2,5,2,2,5,5,2,4,3,4,62.14,66.25,63.49,57.83,52.98,47.84
494888,Caviar,5,3,5,4,3,3,4,2,4,4,66.24,56.51,76.38,80.73,83.63,85.53
494885,Curious,3,4,3,3,4,4,3,3,5,3,64.51,63.11,69.49,68.12,66.82,64.91
494883,Caviar,4,5,4,4,5,1,3,2,5,4,64.96,64.29,78.68,76.12,80.79,81.97
494882,Craver,4,5,4,5,4,4,5,1,5,3,76.21,71.40,88.99,90.21,97.45,96.71
494881,Craver,4,5,4,5,4,2,4,3,4,5,71.48,68.76,85.09,84.63,91.29,89.78
494880,Craver,3,5,3,5,5,2,3,3,4,5,66.64,67.52,77.89,74.82,78.99,76.65
494879,Comfy,3,4,4,4,3,2,1,2,4,3,46.19,40.73,50.42,51.27,46.87,49.75
494878,Craver,5,5,5,5,5,1,5,3,5,5,82.71,80.40,102.73,102.01,114.43,113.45
494877,Cheap + Comfy,2,4,2,3,5,4,2,4,1,3,48.54,47.03,46.92,45.96,38.07,35.93
494875,Curious,3,5,2,2,5,4,2,4,4,3,62.94,66.23,66.25,61.20,58.11,54.10
494874,Craver,3,5,3,5,5,3,3,5,5,5,80.49,83.88,92.12,87.81,94.62,87.75
494873,Craver,5,4,5,5,3,2,5,3,5,5,77.30,70.41,92.97,95.68,104.64,104.19
494872,Curious,3,5,3,2,3,2,3,3,5,2,50.67,48.56,54.86,53.71,49.21,50.86
494871,Curious,3,5,3,3,5,4,3,2,5,4,69.55,71.72,78.15,73.59,75.06,72.68
494870,Craver,4,5,5,4,5,4,5,4,4,4,87.63,85.94,101.78,101.07,109.98,105.54
494868,Cheap + Comfy,1,2,2,3,1,4,1,4,4,2,32.02,24.45,22.60,26.27,10.64,11.46
494867,Cheap + Curious,2,5,2,4,4,5,2,5,4,4,69.51,72.42,72.36,68.33,67.38,59.79
494866,Craver,5,5,5,5,5,5,5,5,5,5,106.07,105.88,123.93,122.33,137.51,128.55
494865,Curious,2,5,3,3,5,5,2,5,5,5,79.02,85.41,85.57,78.48,79.91,71.76
494864,Caviar,5,5,5,5,5,1,5,1,5,3,72.99,67.58,91.25,92.62,102.60,105.44
494862,Comfy,3,4,4,3,3,4,2,3,3,2,52.47,46.15,53.62,55.64,50.06,50.61
494861,Craver,3,4,3,5,5,2,3,4,3,5,63.55,62.31,72.34,71.26,73.46,70.98
494858,Caviar,4,3,4,4,3,2,3,2,5,3,55.11,47.30,62.21,65.31,64.49,67.49
494854,Craver,4,5,5,5,5,5,5,3,5,5,96.61,95.93,113.25,111.59,123.98,117.99
494853,Comfy,2,3,3,3,3,3,3,3,3,2,41.59,34.35,40.06,43.41,34.34,36.79
494851,Caviar,4,4,4,4,4,3,3,2,4,3,62.08,56.65,70.23,71.52,72.58,73.47
494850,Craver,4,5,5,5,5,1,4,4,5,3,76.24,73.88,91.99,91.87,100.70,99.62
494848,Craver,4,5,4,4,5,4,3,3,4,4,77.45,77.00,88.56,86.20,91.53,87.89
494847,Craver,4,4,5,5,5,4,2,2,3,3,69.23,63.64,78.46,79.80,83.15,82.46
494846,Caviar,4,3,3,4,3,1,4,4,5,3,56.24,49.64,63.22,66.36,66.18,67.38
494845,Craver,4,5,4,4,5,2,3,3,4,4,68.76,67.85,80.87,78.80,83.27,82.26
494844,Curious,3,5,3,3,5,2,4,3,4,5,64.42,66.06,74.75,70.89,72.60,71.47
494842,Cheap + Curious,2,4,2,3,4,3,1,4,4,3,48.95,49.40,48.80,46.05,38.92,37.12
494841,Comfy,3,4,4,3,4,3,3,5,3,3,61.81,58.45,66.39,66.92,64.96,63.04
494840,Craver,4,5,4,4,5,3,5,3,4,4,77.56,75.82,90.95,90.07,97.01,94.81
494839,Curious,3,4,3,2,4,3,3,3,4,4,56.28,55.17,60.77,58.72,54.79,54.71
494836,Craver,4,5,3,4,2,4,4,2,4,3,61.27,54.78,67.29,69.50,69.81,69.38
494835,Curious,3,5,3,3,5,4,3,4,5,5,77.40,81.71,86.80,81.04,84.26,78.60
494829,Cheap + Curious,1,5,1,3,5,4,2,5,5,5,65.73,74.15,68.71,60.46,57.72,50.22
494828,Comfy,3,3,3,4,3,3,3,3,4,4,54.57,48.95,58.28,60.15,57.08,57.15
494827,Caviar,5,4,5,5,3,2,4,2,4,2,62.93,52.07,73.89,79.55,83.73,86.71
494825,Craver,4,5,3,5,5,4,1,5,3,5,76.80,78.63,85.46,81.61,86.22,78.67
494824,Caviar,4,3,4,4,3,2,4,3,3,3,53.27,43.37,59.10,64.30,62.71,65.38
494823,Craver,3,5,3,5,5,3,3,4,5,5,77.51,80.29,89.21,85.05,91.33,85.83
494822,Curious,3,5,3,3,5,2,3,2,5,5,62.74,65.38,73.29,68.13,69.44,69.13
494821,Craver,4,5,3,4,4,4,3,4,3,4,70.57,68.84,77.97,76.89,79.31,74.91
494820,Curious,3,5,3,2,5,3,2,3,5,4,63.74,67.45,70.97,65.00,63.82,61.90
494819,Comfy,2,3,3,4,3,2,3,3,4,3,44.88,38.78,46.74,49.28,43.37,45.53
494818,Caviar,5,3,5,5,3,2,5,1,5,3,65.02,53.41,77.61,83.75,88.92,93.04
494817,Craver,4,5,4,3,5,3,4,2,4,4,70.12,68.96,81.80,79.67,83.32,83.00
494816,Caviar,3,4,4,4,4,1,4,2,5,4,57.55,53.84,68.19,68.39,69.74,72.51
494815,Caviar,5,3,5,4,4,2,5,2,5,3,69.39,60.60,82.25,86.40,91.63,94.39
494813,Craver,4,5,4,4,5,4,3,2,4,5,76.33,76.24,88.49,85.38,90.87,88.06
494812,Craver,4,3,4,5,5,4,4,3,4,3,74.92,69.08,84.21,86.83,91.53,89.40
494809,Caviar,4,5,4,4,4,2,3,1,4,4,59.18,55.49,70.19,69.54,71.68,73.97
494808,Comfy,3,2,4,3,5,3,3,2,3,5,55.10,50.14,60.42,61.20,57.60,59.62
494807,Curious,3,5,3,3,5,3,2,5,1,5,59.69,60.60,64.47,61.20,58.89,55.07
494806,Caviar,4,5,4,5,4,2,5,2,5,3,70.51,65.83,84.21,85.56,92.48,93.00
494805,Caviar,3,5,4,4,4,2,5,1,4,3,58.28,53.29,68.74,69.94,71.71,74.89
494804,Curious,3,5,4,3,4,2,3,2,3,4,52.93,50.12,60.54,59.43,57.48,59.70
494802,Caviar,4,4,4,4,5,3,4,2,2,3,60.86,54.31,69.08,71.50,72.54,73.90
494801,Caviar,4,4,4,3,4,2,3,2,3,3,51.98,45.88,58.69,60.18,57.93,61.19
494800,Craver,5,5,5,5,5,2,2,2,5,5,77.38,76.30,94.31,91.60,100.85,99.75
494799,Caviar,3,5,4,5,4,2,1,2,4,3,54.57,51.68,62.30,61.41,61.37,62.38
494797,Caviar,5,4,5,4,2,1,5,1,4,3,53.87,41.65,65.09,71.21,73.13,79.45
494795,Craver,5,4,4,5,4,2,5,3,4,4,72.77,66.21,86.36,89.17,96.54,96.12
494794,Comfy,3,3,3,3,2,2,3,2,4,3,39.54,31.20,40.71,44.15,36.43,40.85
494793,Caviar,4,3,4,3,3,1,5,3,3,3,48.93,38.91,55.24,60.52,57.79,62.41
494792,Caviar,4,4,4,4,4,2,4,3,3,4,61.30,55.57,70.67,72.52,74.24,75.08
494791,Caviar,4,4,4,5,4,2,3,2,4,3,59.96,53.65,69.51,71.67,74.06,75.67
494789,Caviar,5,5,5,5,5,1,5,1,5,5,76.74,73.22,96.91,96.50,107.86,109.61
494788,Craver,4,5,4,4,5,2,4,2,4,5,69.87,68.78,83.91,81.77,87.42,87.29
494787,Craver,5,4,5,5,3,5,5,2,5,2,81.72,72.09,93.11,98.21,105.85,104.47
494786,Craver,4,3,4,5,3,3,3,4,3,3,60.60,51.42,65.86,70.82,70.92,70.28
494784,Caviar,4,3,5,3,3,3,3,2,3,3,52.90,43.04,57.87,62.14,58.71,62.40
494783,Caviar,4,5,4,4,5,2,5,1,5,5,72.65,71.49,88.69,86.57,93.87,94.68
494780,Curious,3,5,3,4,5,1,3,3,5,4,61.73,63.15,72.65,69.10,71.57,71.18
494779,Caviar,5,5,5,5,3,1,5,3,5,4,73.63,67.21,90.18,92.58,101.77,102.44
494778,Caviar,4,5,5,4,5,2,4,1,5,4,71.27,68.94,86.82,85.39,92.00,93.74
494777,Caviar,5,4,5,5,3,2,4,2,3,3,61.27,50.28,72.15,77.71,81.42,84.35
494776,Craver,4,5,4,4,5,3,3,4,2,3,67.15,63.98,75.66,75.76,78.19,76.03
494775,Curious,3,4,3,2,5,3,3,3,5,5,65.29,67.78,73.03,68.19,67.37,65.70
494774,Caviar,4,4,4,4,4,2,2,2,4,4,57.38,53.20,66.10,65.97,66.28,67.87
494773,Craver,5,4,5,4,4,3,3,3,4,3,71.28,64.96,82.08,84.05,88.38,88.11
494772,Craver,5,5,5,5,5,2,5,3,4,5,83.53,80.37,102.01,101.94,113.62,111.82
494771,Craver,4,5,4,4,5,4,3,5,5,4,86.95,88.79,98.95,95.49,103.03,96.18
494769,Curious,2,5,2,5,5,5,2,4,2,3,63.41,63.56,65.48,63.69,62.21,56.38
494767,Caviar,5,4,5,5,4,1,5,2,5,3,69.82,61.80,85.41,89.09,96.98,99.75
494766,Craver,3,3,3,4,4,4,5,3,5,4,70.52,66.71,77.80,78.95,80.77,78.59
494765,Cheap + Curious,2,4,2,2,4,5,1,4,5,5,62.69,67.22,63.59,57.25,51.77,46.34
494764,Cheap + Curious,2,5,2,2,5,3,2,4,3,5,55.33,59.92,58.63,52.37,47.35,44.30
494763,Curious,3,4,3,4,4,4,2,3,4,3,60.97,58.39,64.93,64.41,62.68,60.62
494762,Comfy,3,3,3,3,3,3,3,2,4,3,47.49,40.96,49.42,51.60,45.57,48.12
494761,Comfy,3,4,3,4,3,3,3,4,3,4,56.58,52.12,60.51,61.67,59.32,57.77
494760,Craver,5,5,5,5,5,3,3,3,4,3,79.66,75.92,93.96,94.19,102.88,100.73
494759,Curious,3,5,2,3,5,5,2,5,5,4,77.90,83.40,83.53,77.23,78.69,70.39
494758,Curious,3,4,3,4,4,2,3,2,4,4,53.40,50.16,60.28,59.98,58.57,60.02
494757,Caviar,5,4,4,3,3,1,3,3,3,4,52.37,45.30,60.59,62.66,61.65,64.63
494756,Craver,4,3,5,4,4,4,3,3,4,3,69.59,62.58,77.18,79.98,81.67,81.06
494755,Caviar,5,4,5,5,3,1,5,1,5,2,61.35,50.20,74.82,80.65,86.05,91.29
494754,Curious,3,4,3,3,4,3,3,3,4,5,60.38,59.57,66.73,64.52,63.02,61.82
494753,Caviar,4,4,5,4,3,3,4,1,4,4,62.32,54.35,72.49,75.28,77.27,80.04
494752,Caviar,4,4,4,3,3,2,4,2,4,3,54.14,47.00,61.52,64.00,62.65,66.04
494750,Caviar,3,5,4,4,4,2,4,3,3,4,60.37,56.98,69.69,69.83,71.17,71.51
494746,Comfy,3,2,4,5,2,4,1,3,4,3,51.38,41.48,51.52,56.46,51.22,51.56
494744,Caviar,5,5,5,5,5,1,5,1,5,5,76.74,73.22,96.91,96.50,107.86,109.61
494743,Caviar,5,5,5,3,5,1,5,1,5,5,72.29,70.07,90.66,88.79,96.66,99.56
494742,Cheap + Curious,2,5,2,2,4,3,2,3,3,4,46.86,48.33,48.03,43.93,36.42,35.83
494741,Caviar,5,4,5,5,4,2,4,1,3,3,61.89,51.88,74.10,78.70,83.16,86.89
494740,Caviar,4,4,4,5,4,1,4,2,4,3,57.85,50.77,68.79,71.76,74.73,77.72
494739,Craver,5,5,5,5,5,4,5,1,5,5,89.77,86.95,108.45,107.61,120.24,118.05
494738,Craver,3,5,3,5,5,3,3,2,4,3,64.25,62.87,73.17,71.89,74.57,73.38
494737,Caviar,4,4,4,3,4,1,2,2,5,4,54.34,51.65,63.69,62.19,61.49,64.48
494736,Comfy,5,2,4,5,3,3,3,3,1,3,51.48,37.20,54.80,63.21,60.84,63.04
494735,Caviar,3,4,4,4,4,2,4,2,4,3,56.49,50.99,64.64,66.37,66.31,68.80
494734,Craver,4,5,5,5,5,2,2,2,5,5,73.90,73.53,89.44,86.37,93.90,93.03
494733,Cheap + Curious,2,4,2,2,3,3,2,5,5,5,55.61,58.16,57.07,52.64,46.59,43.04
494731,Craver,3,4,4,4,5,2,3,3,4,4,62.72,60.89,72.12,71.03,72.43,72.40
494730,Craver,5,5,5,5,5,2,5,4,5,5,90.05,88.56,109.48,108.47,121.84,118.18
494729,Caviar,5,5,5,5,5,1,5,1,5,5,76.74,73.22,96.91,96.50,107.86,109.61
494728,Curious,4,5,3,3,5,3,2,4,3,5,67.25,69.00,75.56,71.23,72.42,68.75
494727,Curious,4,4,3,1,5,5,3,1,3,4,60.33,58.91,64.68,61.96,57.91,58.21
494726,Caviar,4,4,5,5,5,1,4,1,5,5,68.48,64.57,85.04,84.95,92.21,94.88
494725,Curious,3,4,3,3,5,3,2,4,5,5,68.27,71.25,75.95,71.01,71.45,67.78
494724,Craver,4,5,4,4,4,3,2,3,5,5,72.67,72.98,84.14,80.68,85.14,82.29
494723,Curious,2,5,3,3,5,3,2,5,4,5,66.80,71.65,73.31,67.30,66.73,61.68
494722,Caviar,4,3,5,5,3,3,4,3,5,3,69.63,60.70,79.29,83.95,87.86,88.11
494721,Craver,5,3,5,5,5,4,4,5,3,4,85.45,79.20,97.23,100.27,108.31,103.60
494720,Comfy,3,3,3,4,2,2,2,3,2,2,33.59,22.64,31.66,37.49,28.01,31.95
494719,Caviar,5,3,5,5,3,3,1,2,3,4,58.24,48.40,65.58,69.45,69.88,71.51
494718,Caviar,5,4,5,5,2,1,4,1,4,3,53.86,41.54,65.10,71.28,73.93,79.60
494717,Caviar,5,3,2,4,4,3,4,2,4,3,59.78,53.00,66.18,68.91,69.35,69.90
494716,Craver,4,5,4,5,4,3,3,4,3,3,69.30,64.98,78.49,79.65,83.71,81.03
494715,Craver,4,4,3,4,4,2,3,4,4,4,62.86,60.11,70.96,70.72,72.10,70.58
494714,Curious,3,5,3,3,5,4,3,3,3,5,67.35,68.91,74.76,70.73,71.11,67.80
494712,Caviar,4,3,4,4,3,2,4,1,5,3,54.35,45.41,62.42,66.34,66.01,70.43
494711,Caviar,5,5,5,5,4,1,3,2,5,3,67.91,62.60,83.06,84.06,91.26,93.17
494710,Caviar,5,5,5,5,4,2,3,2,5,4,74.13,69.99,89.74,89.70,98.01,98.07
494708,Caviar,4,5,4,5,5,1,5,1,5,5,70.53,68.49,87.97,86.73,95.34,96.89
494707,Craver,4,4,4,5,4,3,2,3,2,4,59.88,53.73,66.84,68.73,69.43,68.74
494703,Curious,3,5,3,3,3,3,3,3,4,4,57.45,55.75,62.93,61.37,59.25,58.42
494702,Caviar,4,4,4,4,4,2,3,1,4,3,54.75,48.48,63.48,65.06,65.17,68.73
494697,Caviar,5,2,5,5,3,1,5,2,5,4,62.99,51.05,75.61,82.21,86.83,91.08
494698,Caviar,5,5,5,5,5,1,5,1,5,3,72.99,67.58,91.25,92.62,102.60,105.44
494695,Caviar,5,3,5,5,3,2,5,2,5,3,68.01,57.00,80.52,86.51,92.21,94.96
494694,Craver,5,5,5,4,4,4,4,3,5,4,85.81,82.85,100.33,99.79,108.76,105.46
494693,Caviar,5,5,5,5,5,1,5,1,5,5,76.74,73.22,96.91,96.50,107.86,109.61
494692,Comfy,3,3,3,3,4,3,4,4,4,4,61.17,57.84,66.04,66.59,64.59,63.37
494691,Craver,4,4,4,4,3,3,4,3,4,4,65.57,59.56,74.23,76.25,78.29,77.88
494690,Cheap + Curious,1,3,1,5,5,5,1,5,1,5,53.07,53.38,49.65,47.91,40.74,34.14
494689,Curious,2,5,3,3,5,5,2,4,3,5,68.97,72.61,73.53,68.17,66.76,60.95
494688,Caviar,5,5,5,5,5,1,5,1,5,5,76.74,73.22,96.91,96.50,107.86,109.61
494687,Craver,4,5,5,4,5,2,3,2,5,5,73.90,73.65,89.43,86.30,93.10,92.88
494686,Craver,4,5,4,4,5,2,4,4,4,4,73.97,73.13,86.90,85.34,91.36,89.05
494685,Craver,3,5,4,4,5,3,4,5,4,3,75.95,75.71,85.95,84.63,89.19,84.98
494684,Curious,3,4,2,3,5,3,2,4,4,3,58.27,59.05,61.64,58.81,55.70,53.16
494683,Caviar,5,5,5,5,4,1,4,1,4,4,65.50,58.92,81.54,83.25,90.47,93.76
494682,Craver,3,5,3,5,5,4,3,3,5,5,78.86,81.28,90.15,86.00,92.17,86.73
494680,Caviar,5,5,5,5,5,1,5,1,5,4,74.86,70.40,94.08,94.56,105.23,107.52
494678,Caviar,4,5,4,4,3,3,4,2,4,4,65.13,60.16,75.21,76.03,78.89,79.11
494677,Curious,3,4,3,3,5,4,2,3,4,4,64.23,64.81,69.49,66.24,64.73,62.14
494675,Caviar,5,5,5,5,5,1,5,1,5,5,76.74,73.22,96.91,96.50,107.86,109.61
494673,Caviar,4,4,4,4,2,1,2,3,5,5,54.22,49.26,62.84,63.24,62.97,64.59
494672,Comfy,2,3,3,4,3,3,3,3,4,2,47.35,40.54,47.76,51.05,44.87,46.26
494670,Caviar,5,5,5,5,5,1,5,1,5,5,76.74,73.22,96.91,96.50,107.86,109.61
494668,Caviar,5,5,5,5,5,1,5,1,5,5,76.74,73.22,96.91,96.50,107.86,109.61
494667,Comfy,4,2,4,3,3,3,4,2,3,3,49.85,38.59,53.02,58.85,54.07,58.11
494666,Caviar,4,4,4,5,4,2,4,3,4,3,65.18,58.93,75.54,78.21,82.15,82.46
494665,Curious,4,5,3,4,3,5,2,4,3,5,70.95,69.36,76.67,74.99,76.24,70.49
494664,Caviar,4,2,4,3,2,1,3,2,5,2,40.51,28.95,43.66,49.52,43.23,49.96
494663,Craver,5,5,5,5,5,5,5,5,5,5,106.07,105.88,123.93,122.33,137.51,128.55
494662,Cheap + Curious,1,4,1,3,5,4,1,5,4,3,53.67,58.02,51.47,46.48,38.84,33.60
494661,Craver,4,5,4,5,4,4,4,4,4,3,79.41,75.86,90.03,90.91,97.57,93.16
494660,Caviar,5,5,5,5,5,2,3,1,5,3,72.87,68.77,88.86,88.75,97.12,98.52
494659,Craver,4,5,5,5,5,2,5,2,5,5,80.59,78.62,98.80,97.73,108.31,107.63
494657,Cheap + Comfy,2,2,2,1,3,3,2,4,4,4,39.89,37.19,35.86,35.24,22.37,23.27
494655,Curious,3,5,3,4,5,4,3,4,5,5,79.63,83.29,89.93,84.90,89.86,83.63
494654,Curious,3,5,3,2,4,3,2,3,3,5,54.95,55.88,59.80,55.64,51.56,50.64
494653,Craver,5,5,5,5,5,2,3,2,4,4,74.21,70.57,90.03,89.67,98.10,98.08
494652,Caviar,4,4,4,4,4,1,3,1,4,4,52.28,46.73,62.46,63.30,63.67,68.00
494651,Curious,3,5,4,3,5,1,4,3,5,5,66.34,68.05,79.54,75.51,78.96,79.10
494650,Caviar,4,5,4,4,5,2,3,2,5,3,67.43,66.05,79.70,77.88,82.29,82.70
494648,Caviar,5,4,5,5,2,1,4,1,5,4,59.27,48.96,72.50,77.00,81.49,86.13
494647,Craver,4,5,5,4,3,3,3,4,5,4,75.14,72.21,86.55,86.08,91.14,88.53
494646,Craver,5,5,5,5,5,1,4,4,3,5,76.41,73.08,93.38,93.43,103.04,101.61
494645,Caviar,3,4,3,4,4,3,4,2,4,4,59.97,56.43,67.24,67.47,67.51,67.70
494644,Craver,4,5,4,4,5,1,4,4,4,3,67.76,65.74,80.22,79.70,84.61,84.15
494643,Craver,4,5,4,5,4,4,4,4,4,4,81.28,78.68,92.86,92.85,100.20,95.24
494642,Craver,4,4,4,5,4,3,3,3,4,3,67.30,61.81,76.27,78.13,81.47,80.41
494641,Craver,5,5,5,5,5,3,5,3,2,5,80.81,75.73,96.72,98.09,107.89,105.74
494640,Caviar,4,4,4,5,5,1,4,2,4,3,61.45,55.95,73.65,75.51,79.75,82.18
494639,Curious,2,3,1,3,5,4,3,3,5,5,60.37,63.06,63.10,58.89,55.14,51.67
494638,Caviar,4,4,5,5,5,2,4,2,5,4,73.93,69.91,88.97,89.47,97.00,97.53
494636,Craver,3,5,3,5,5,3,4,5,3,2,70.04,67.90,77.61,78.22,81.67,77.47
494635,Craver,4,5,4,4,4,3,2,4,5,2,70.04,68.10,78.55,77.62,80.54,77.95
494634,Cheap + Comfy,1,1,5,1,5,3,1,3,4,5,45.92,44.01,45.86,44.00,32.77,35.63
494633,Caviar,4,4,4,4,4,2,4,2,5,4,65.37,61.19,76.90,77.32,80.82,82.05
494632,Craver,5,5,5,5,5,4,3,3,3,3,80.48,75.89,93.23,94.11,102.08,99.11
494631,Craver,4,5,5,5,5,2,4,3,4,5,77.82,75.90,94.02,92.92,101.86,100.24
494629,Caviar,5,2,5,5,3,2,5,1,4,2,57.07,41.79,66.32,75.50,77.48,83.36
494628,Caviar,5,5,5,4,4,1,4,1,5,3,64.93,59.12,80.15,81.23,87.18,91.09
494626,Comfy,4,4,4,3,3,3,3,3,4,4,61.11,56.29,67.98,68.61,67.88,67.99
494625,Craver,4,5,4,4,5,4,3,4,5,4,83.96,85.20,96.04,92.73,99.75,94.26
494623,Caviar,5,5,5,5,5,1,5,1,5,4,74.86,70.40,94.08,94.56,105.23,107.52
494622,Caviar,5,5,5,5,5,1,5,1,5,5,76.74,73.22,96.91,96.50,107.86,109.61
494621,Caviar,4,4,4,3,3,3,4,3,4,2,59.60,52.34,65.44,68.52,67.43,68.69
494619,Caviar,4,3,4,4,4,4,4,2,4,3,66.11,58.73,73.31,76.47,77.63,78.00
494618,Curious,3,5,3,3,5,3,3,3,4,3,62.79,63.30,69.82,66.93,66.66,65.26
494617,Curious,3,4,3,4,4,5,1,5,3,5,69.28,69.48,72.56,69.94,68.90,62.14
494615,Curious,4,4,3,4,4,3,2,4,4,4,64.97,62.99,71.68,70.64,71.42,68.53
494614,Caviar,4,5,4,3,5,2,3,3,4,3,64.66,63.45,74.91,73.00,75.05,75.16
494613,Curious,4,4,4,2,5,2,3,3,5,3,63.41,62.29,72.46,70.38,70.50,71.43
494612,Caviar,4,3,4,4,3,3,4,2,3,2,52.75,41.54,57.21,63.30,60.93,64.20
494611,Curious,3,5,4,3,3,5,3,3,4,5,70.75,69.68,77.53,75.26,75.69,72.14
494610,Curious,2,5,2,3,4,2,2,3,4,5,50.15,52.76,54.71,49.80,45.45,44.57
494609,Cheap + Curious,2,5,2,3,5,5,1,4,5,5,71.07,78.17,75.47,67.39,66.27,58.97
494608,Curious,2,5,4,4,5,4,3,3,5,4,74.02,76.07,83.40,79.52,82.55,78.91
494607,Caviar,4,3,4,4,4,2,4,2,3,3,53.89,44.97,61.05,65.29,64.45,67.92
494606,Cheap + Curious,1,4,2,1,3,5,1,5,2,5,45.78,47.45,39.94,35.84,22.68,18.73
494605,Craver,5,5,3,3,5,3,3,3,3,3,66.22,64.24,74.98,73.61,75.64,74.24
494604,Craver,5,5,5,5,5,2,3,3,5,5,82.60,81.59,100.34,98.14,108.94,106.53
494603,Craver,4,4,4,5,5,3,2,2,4,3,65.68,61.71,75.10,75.34,78.39,78.08
494602,Cheap + Comfy,2,3,3,3,4,5,1,3,4,4,56.70,55.55,56.61,54.64,48.19,45.77
494601,Craver,4,4,3,5,5,4,3,2,3,4,67.87,64.24,76.26,76.44,79.47,77.40
494600,Caviar,4,3,4,3,3,2,4,2,2,3,44.53,33.60,48.50,53.91,48.90,54.00
494599,Caviar,3,3,4,4,5,1,3,1,2,3,40.92,32.92,46.60,49.79,45.36,51.62
494598,Comfy,3,2,3,4,5,3,2,3,3,4,53.47,48.83,56.43,57.55,53.50,53.61
494597,Caviar,3,3,4,4,3,2,3,2,4,4,49.97,42.74,55.61,58.24,55.23,58.41
494596,Curious,3,5,3,2,5,4,4,4,2,4,64.94,65.19,70.26,67.70,66.04,63.03
494595,Caviar,4,5,4,4,4,2,4,2,4,4,64.39,60.77,76.22,76.08,79.78,80.75
494594,Caviar,5,4,5,5,5,1,2,3,4,3,66.19,60.88,79.26,80.46,85.94,87.09
494593,Craver,4,5,4,5,5,5,3,5,1,5,81.27,79.34,90.48,89.88,95.66,88.32
494592,Craver,5,5,5,5,5,4,4,2,5,4,88.66,86.02,105.41,104.64,116.09,113.02
494590,Craver,4,4,4,4,4,4,4,3,3,2,66.24,59.08,72.71,76.04,77.24,76.54
494589,Craver,4,5,4,5,3,3,2,3,5,5,71.29,69.37,82.41,80.79,85.72,82.85
494587,Curious,3,5,3,3,4,4,2,4,3,3,60.76,59.98,64.02,62.07,59.32,56.22
494586,Cheap + Curious,2,3,2,2,4,4,2,4,5,3,54.28,54.50,53.32,50.92,43.30,41.07
494585,Curious,3,5,2,4,4,4,2,5,2,5,63.45,64.22,67.08,64.25,62.97,56.89
494584,Cheap + Curious,2,5,2,2,5,5,1,3,5,4,63.99,70.18,66.60,58.84,54.75,49.95
494583,Craver,5,5,5,4,5,2,3,4,4,4,77.96,76.17,92.72,91.32,99.07,96.90
494581,Caviar,5,3,5,5,3,1,4,3,4,3,60.89,49.71,71.89,78.00,81.63,84.75
494580,Cheap + Comfy,2,2,2,4,4,4,1,3,4,3,47.43,43.58,45.10,45.78,37.59,36.74
494579,Craver,5,5,5,5,5,1,4,4,5,3,79.72,76.65,96.86,97.10,107.65,106.33
494578,Caviar,5,3,5,5,3,2,5,2,5,3,68.01,57.00,80.52,86.51,92.21,94.96
494577,Craver,5,4,5,5,3,4,4,3,5,4,81.88,75.05,94.71,97.36,105.46,102.88
494576,Craver,4,5,4,5,5,3,3,5,5,5,86.71,88.61,101.06,97.58,107.13,100.47
494574,Caviar,5,5,4,4,5,1,3,3,3,3,62.49,58.62,74.49,74.61,78.54,79.64
494573,Caviar,5,5,5,5,5,1,3,2,5,3,71.52,67.78,87.92,87.81,96.28,97.63
494572,Curious,3,5,3,1,5,5,2,3,5,4,70.20,75.03,75.53,68.55,66.47,62.51
494571,Caviar,5,5,5,5,5,1,2,2,2,4,60.57,55.09,73.93,74.63,79.30,81.52
494570,Craver,5,5,4,5,5,5,5,4,4,5,96.82,95.73,112.38,111.25,123.73,116.18
494569,Caviar,4,4,4,5,3,2,4,2,5,2,60.24,51.94,69.51,73.55,76.15,78.44
494568,Caviar,4,4,4,4,4,2,3,2,3,4,56.08,50.28,64.65,65.98,66.15,68.29
494567,Caviar,4,5,4,4,5,2,3,2,4,4,65.77,64.26,77.96,76.04,79.99,80.35
494566,Curious,3,5,3,3,3,2,3,1,4,4,47.13,44.00,53.27,52.16,48.56,51.77
494563,Caviar,5,3,4,5,4,2,5,2,4,3,65.35,55.62,76.73,81.94,86.74,88.97
494562,Craver,5,5,3,5,5,3,4,4,5,5,86.70,87.53,102.06,99.30,110.05,104.13
494561,Curious,4,5,3,4,5,4,2,5,2,5,73.27,74.13,80.88,77.77,80.50,74.06
494560,Caviar,4,3,4,5,3,2,3,2,2,3,46.74,35.06,51.63,57.83,55.29,59.18
494559,Craver,4,5,4,5,5,1,4,4,5,4,75.39,74.74,90.74,89.27,97.77,95.70
494558,Caviar,5,5,5,5,5,1,4,1,5,3,70.76,65.89,88.13,88.84,97.80,100.57
494557,Caviar,4,4,4,4,3,2,4,2,4,4,58.24,51.40,67.48,69.79,70.87,73.14
494556,Curious,3,4,2,2,3,3,3,2,4,5,48.83,47.26,51.76,49.62,43.56,44.42
494555,Craver,3,5,1,5,3,5,3,5,5,3,72.76,73.10,76.28,74.75,76.47,68.29
494554,Curious,3,4,3,2,4,4,3,3,4,5,62.50,62.56,67.45,64.37,61.54,59.61
494553,Caviar,5,5,5,4,4,2,4,1,5,3,69.27,63.70,83.99,84.93,91.31,93.91
494552,Craver,4,5,4,5,5,2,3,3,1,4,60.39,55.61,70.29,71.32,74.07,73.95
494551,Caviar,5,5,5,5,5,1,5,1,5,5,76.74,73.22,96.91,96.50,107.86,109.61
494550,Caviar,5,5,5,5,5,2,4,1,5,1,71.36,64.82,86.32,88.66,96.67,99.22
494549,Caviar,4,3,4,3,4,1,4,2,4,4,52.72,46.24,61.47,63.45,62.28,66.62
494548,Curious,3,5,2,3,5,4,2,4,4,4,67.03,70.63,72.21,66.99,66.34,61.21
494547,Caviar,4,3,4,4,3,2,4,2,3,3,50.28,39.78,56.19,61.54,59.43,63.47
494546,Caviar,4,3,5,5,3,1,4,1,3,3,47.90,35.16,56.64,63.49,63.17,69.75
494545,Caviar,4,5,3,4,4,1,3,4,3,3,55.66,52.29,63.60,63.84,64.30,64.38
494544,Caviar,5,3,4,5,3,1,4,1,4,5,55.93,46.21,67.66,71.83,74.76,79.08
494542,Curious,3,5,3,3,4,4,3,4,5,5,73.79,76.53,81.94,77.29,79.25,74.14
494541,Craver,4,3,3,5,5,3,3,3,5,3,69.15,65.45,77.74,78.57,81.98,80.16
494540,Caviar,4,4,5,5,4,2,4,1,4,3,61.94,53.71,73.80,77.25,81.13,84.62
494539,Craver,4,5,4,4,4,4,2,4,4,5,76.47,76.53,86.32,83.36,87.62,82.58
494538,Craver,4,4,4,4,5,3,2,3,4,2,64.57,60.90,72.05,72.29,73.45,72.90
494536,Craver,3,5,3,5,5,4,3,3,3,5,71.80,72.07,81.01,78.45,82.31,77.84
494535,Caviar,5,5,5,5,5,1,5,1,5,3,72.99,67.58,91.25,92.62,102.60,105.44
494534,Caviar,5,5,5,5,5,1,5,1,5,4,74.86,70.40,94.08,94.56,105.23,107.52
494533,Comfy,3,4,3,3,4,1,3,2,4,3,44.96,41.19,50.47,50.48,46.22,50.10
494532,Craver,3,5,5,4,4,3,3,3,4,4,68.75,66.43,79.07,78.06,80.98,79.91
494531,Curious,4,4,3,3,4,3,4,2,4,5,63.10,60.44,71.81,70.78,71.49,71.48
494530,Caviar,5,3,5,5,5,1,5,1,4,3,64.36,54.60,78.91,83.77,89.90,94.70
494529,Caviar,4,5,4,4,5,1,4,2,5,3,65.31,63.17,78.97,77.96,82.97,84.75
494528,Cheap + Comfy,1,1,1,1,5,5,1,3,3,3,36.41,35.08,27.02,25.57,8.61,8.64
494527,Curious,4,5,3,4,4,4,2,4,4,5,73.74,74.57,82.25,78.82,82.06,76.57
494526,Craver,5,5,5,5,5,3,5,3,5,5,91.40,89.55,110.42,109.42,122.68,119.08
494525,Craver,4,4,4,5,3,3,4,4,5,4,74.31,69.33,84.83,86.64,92.10,89.26
494524,Caviar,4,5,4,3,5,3,4,1,4,5,69.00,68.19,81.72,78.86,82.66,83.17
494523,Caviar,3,4,3,4,5,2,3,2,4,3,55.13,52.53,62.30,61.79,60.96,62.39
494522,Comfy,3,4,3,3,3,4,3,3,4,3,57.37,53.32,60.06,60.60,56.87,56.00
494520,Craver,4,5,4,3,5,3,4,3,2,5,67.92,66.15,78.40,76.81,79.37,78.12
494519,Caviar,4,4,4,3,5,2,4,1,4,4,60.23,56.60,71.16,70.68,72.02,75.12
494518,Caviar,5,3,4,4,3,1,2,2,4,3,48.49,39.19,55.54,59.27,57.58,62.08
494517,Curious,3,5,3,3,5,3,3,3,4,5,66.54,68.94,75.48,70.81,71.92,69.42
494516,Caviar,4,3,4,5,3,1,5,4,4,2,58.02,47.44,66.15,72.83,74.58,76.73
494515,Caviar,5,3,5,4,4,2,5,2,4,3,65.86,56.00,77.68,82.62,86.70,89.95
494512,Craver,5,5,5,5,5,3,5,1,5,5,85.43,82.37,104.61,103.91,116.11,115.24
494511,Craver,5,4,5,5,4,4,5,4,5,3,88.83,82.70,102.77,105.71,115.94,112.03
494509,Caviar,5,4,5,5,5,1,5,1,5,4,72.31,66.21,90.20,92.03,101.34,104.37
494507,Curious,3,4,3,3,4,2,3,4,4,4,57.15,55.76,62.96,61.64,59.55,58.84
494506,Craver,5,5,5,5,5,4,5,3,5,3,92.00,88.49,108.61,109.24,121.55,117.72
494505,Craver,5,5,5,5,5,3,3,2,3,4,75.02,70.54,89.31,89.60,97.29,96.46
494504,Craver,3,4,3,4,5,2,4,3,5,4,65.75,65.23,75.73,74.05,76.61,75.71
494503,Craver,4,5,4,5,4,2,5,3,4,4,71.84,67.63,85.38,86.48,93.47,92.56
494502,Caviar,4,5,5,5,3,1,5,1,4,2,56.90,47.02,69.27,74.19,78.05,83.27
494501,Craver,5,5,3,5,4,3,4,3,4,5,76.57,74.15,89.73,89.02,96.81,93.31
494499,Craver,4,5,4,5,4,3,3,4,3,5,73.05,70.62,84.15,83.53,88.96,85.20
494498,Curious,4,4,3,3,5,3,2,3,4,3,61.49,60.19,67.68,65.83,64.93,63.96
494497,Craver,4,5,4,5,5,3,3,4,5,4,81.84,82.20,95.32,92.89,101.22,96.46
494496,Curious,3,4,2,4,4,4,3,5,5,3,69.98,69.90,74.35,72.94,73.43,67.77
494495,Caviar,4,4,4,3,4,2,3,2,4,3,55.51,50.49,63.26,63.96,62.86,65.63
494494,Curious,2,5,3,2,5,4,2,4,3,4,60.53,63.64,63.72,58.67,54.41,51.03
494493,Caviar,5,4,4,5,4,1,4,1,4,3,58.34,49.95,70.75,74.23,78.40,82.52
494492,Curious,2,5,3,5,4,4,2,3,5,4,67.67,68.81,74.47,71.30,72.77,68.60
494490,Curious,3,4,3,3,4,3,2,4,4,2,55.52,53.00,58.03,57.67,53.61,52.62
494489,Curious,4,5,3,3,5,4,2,4,3,3,67.84,67.93,73.75,71.05,71.29,67.40
494488,Caviar,5,3,4,4,3,2,3,2,3,3,51.53,40.86,57.94,62.98,61.58,65.32
494487,Curious,3,4,4,3,5,2,3,3,4,5,62.37,62.13,71.82,69.11,69.46,69.46
494486,Craver,5,5,5,5,3,3,4,4,4,4,79.54,73.65,93.09,95.17,103.57,100.68
494485,Craver,5,5,5,5,5,3,4,4,5,4,90.29,88.62,107.38,106.45,118.54,114.05
494484,Caviar,5,4,5,5,3,1,5,2,4,3,62.69,52.00,75.99,81.57,87.04,90.85
494482,Curious,5,5,1,3,5,5,1,5,5,5,81.77,88.11,88.90,81.29,84.86,75.04
494480,Curious,3,5,3,3,4,3,2,4,4,3,59.94,60.01,64.75,62.15,60.12,57.85
494479,Caviar,4,4,4,4,4,3,3,2,3,2,56.68,49.22,62.84,65.80,65.02,66.94
494478,Comfy,4,4,4,3,3,4,2,4,2,4,59.15,53.55,62.48,63.72,60.63,58.97
494477,Caviar,4,5,5,5,5,1,3,1,5,5,68.80,67.06,85.81,83.70,91.29,93.16
494475,Comfy,3,2,2,3,3,3,3,3,2,2,36.26,26.37,32.40,37.78,26.92,29.92
494474,Comfy,3,5,4,4,1,2,2,1,2,3,33.71,23.44,35.67,39.79,32.38,38.04
494473,Caviar,4,4,4,5,4,3,3,1,4,2,59.45,51.82,67.62,70.68,72.27,74.49
494472,Craver,5,5,4,3,5,2,4,3,5,4,75.77,75.34,90.29,87.73,94.37,93.27
494471,Craver,4,5,3,5,5,4,5,1,5,3,77.08,74.62,89.78,89.41,96.91,95.16
494470,Craver,5,4,5,5,4,4,5,3,4,3,82.31,74.51,95.29,99.18,107.72,105.67
494469,Cheap + Comfy,2,3,2,2,3,4,4,2,4,3,45.63,40.93,44.32,45.46,36.39,38.06
494468,Craver,5,2,5,5,5,3,4,2,5,5,78.53,71.70,92.74,95.26,102.94,102.85
494467,Caviar,4,4,4,4,4,2,5,1,5,4,64.61,59.30,77.11,78.35,82.34,84.99
494466,Curious,3,4,3,4,5,2,2,4,4,3,58.88,58.01,65.00,63.51,62.73,61.37
494465,Caviar,5,3,5,5,3,1,3,3,5,3,62.19,52.62,73.34,77.99,81.76,84.33
494463,Curious,3,5,3,3,3,4,1,1,5,4,54.89,54.37,59.29,55.77,52.13,52.11
494462,Curious,3,4,2,2,3,4,2,4,4,4,55.05,54.49,55.47,53.10,46.82,44.12
494461,Caviar,5,5,5,5,5,1,5,1,5,5,76.74,73.22,96.91,96.50,107.86,109.61
494460,Caviar,3,5,4,4,4,2,3,2,4,5,60.56,59.13,71.07,69.00,70.64,71.25
494459,Curious,3,5,3,3,5,5,3,3,3,5,71.70,73.49,78.60,74.43,75.24,70.61
494458,Curious,3,5,3,3,5,3,4,2,3,5,62.25,62.44,71.12,68.06,68.50,67.93
494456,Curious,3,5,3,3,5,4,2,4,5,4,73.30,77.20,80.85,75.31,76.83,71.65
494453,Caviar,5,3,5,5,3,2,5,2,5,3,68.01,57.00,80.52,86.51,92.21,94.96
494451,Caviar,5,5,5,5,5,2,5,1,5,4,79.21,74.98,97.93,98.27,109.36,110.34
494450,Caviar,5,5,5,5,4,1,4,1,5,3,67.15,60.70,83.27,85.09,92.78,96.11
494449,Caviar,3,4,4,4,4,2,4,2,4,3,56.49,50.99,64.64,66.37,66.31,68.80
494447,Craver,5,5,5,5,5,5,5,1,5,5,94.12,91.53,112.30,111.31,124.37,120.87
494446,Craver,4,5,5,5,4,2,4,3,5,3,73.99,69.68,88.07,89.07,96.52,96.05
494445,Caviar,4,5,4,3,5,2,3,1,4,5,62.43,61.92,74.76,71.37,73.73,75.49
494444,Curious,3,3,3,4,5,3,1,5,4,4,63.30,63.11,67.58,65.59,64.08,60.18
494443,Caviar,4,4,4,4,4,3,4,2,4,4,66.19,61.16,76.18,77.24,80.02,80.42
494442,Cheap + Curious,1,5,2,2,4,4,2,3,4,5,53.13,57.56,54.41,48.11,41.15,38.46
494440,Caviar,5,4,5,5,3,1,3,2,4,2,56.35,45.80,66.92,72.06,74.80,79.03
494439,Caviar,5,5,5,3,4,1,4,1,3,5,59.39,53.97,73.54,73.70,76.97,81.35
494438,Craver,3,5,4,4,4,3,3,2,4,4,63.03,60.88,72.08,70.77,72.14,71.98
494437,Caviar,5,4,5,5,4,1,4,2,5,4,69.46,62.92,85.13,87.25,94.81,96.97
494436,Curious,3,5,3,3,5,3,3,3,5,5,70.07,73.55,80.04,74.58,76.85,73.87
494435,Caviar,5,3,5,5,3,1,3,2,4,3,55.67,44.43,65.86,71.46,73.54,77.97
494434,Craver,4,5,4,3,5,4,3,3,5,5,80.62,82.85,92.83,88.06,93.49,89.40
494433,Curious,3,5,2,5,5,5,2,4,4,3,73.96,75.54,79.48,76.47,79.03,71.98
494432,Craver,3,5,4,3,5,3,4,4,5,5,78.02,80.79,90.15,85.67,90.50,86.65
494431,Comfy,3,3,4,3,4,3,4,3,5,3,62.57,57.99,68.95,70.21,69.17,69.81
494429,Caviar,5,3,5,5,3,1,5,3,5,3,66.65,56.01,79.58,85.56,91.37,94.06
494428,Comfy,3,2,5,5,2,2,1,2,4,3,42.44,30.70,45.00,50.84,45.24,50.02
494426,Curious,2,4,4,2,5,5,1,3,3,4,59.84,60.70,61.73,57.84,52.12,49.91
494425,Curious,3,4,3,4,5,3,3,3,4,3,62.46,60.69,69.06,68.25,68.37,67.13
494424,Caviar,5,4,5,5,3,1,5,2,5,3,66.22,56.61,80.56,85.35,91.97,95.29
494423,Caviar,5,5,5,3,5,1,3,1,5,5,67.83,66.68,84.42,81.22,87.05,89.84
494422,Craver,4,5,5,5,5,2,4,5,4,4,81.92,80.26,97.01,96.49,105.81,101.99
494421,Craver,3,5,3,5,5,5,4,3,3,5,78.38,78.34,87.98,85.93,91.24,85.52
494420,Comfy,2,4,3,4,3,3,3,4,4,4,56.63,53.96,60.21,60.22,57.30,55.50
494419,Caviar,4,3,4,3,3,1,4,1,4,3,44.25,34.65,50.88,55.00,51.35,58.15
494418,Comfy,2,4,2,4,3,4,3,4,5,1,56.16,52.72,56.06,57.33,52.92,50.50
494416,Craver,4,5,4,5,4,4,3,4,3,2,71.77,66.74,79.51,81.41,85.21,81.76
494415,Cheap + Comfy,2,4,2,2,3,4,1,3,1,3,33.88,29.80,28.05,28.06,14.35,15.20
494414,Curious,2,4,3,2,5,3,1,3,5,5,57.35,61.62,61.93,55.39,50.80,49.25
494413,Caviar,5,3,5,5,3,1,5,1,5,1,56.93,43.19,68.10,76.17,79.54,86.05
494412,Curious,3,5,3,3,5,4,3,2,3,5,64.36,65.32,71.85,67.98,67.83,65.88
494411,Craver,5,5,5,5,5,2,5,3,5,5,87.06,84.97,106.57,105.71,118.56,116.26
494409,Craver,4,5,5,5,5,3,3,5,5,5,89.44,90.57,105.13,102.12,112.69,106.47
494408,Craver,3,5,4,4,5,3,4,3,5,5,77.26,78.78,90.37,86.77,92.81,89.76
494407,Comfy,2,3,4,4,3,3,3,3,4,2,50.08,42.50,51.83,55.59,50.43,52.26
494405,Curious,3,3,3,4,5,3,2,2,4,4,56.57,54.04,61.98,61.11,59.03,59.28
494404,Curious,3,5,3,4,5,4,2,3,5,5,74.41,78.01,83.90,78.35,81.77,76.84
494403,Caviar,5,5,5,5,3,3,3,1,3,3,62.95,53.76,73.85,77.41,81.34,83.53
494402,Caviar,5,4,5,5,4,1,4,2,4,5,67.81,61.14,83.39,85.41,92.50,94.61
494401,Curious,2,4,4,2,4,3,3,3,4,3,53.66,51.54,57.15,56.10,50.76,51.91
494400,Caviar,3,4,4,5,4,2,4,3,4,4,63.57,58.98,73.51,74.93,77.82,77.83
494399,Cheap + Curious,1,5,1,2,5,3,1,4,3,5,46.89,53.50,46.57,38.81,30.04,26.71
494398,Craver,3,3,4,4,5,4,4,4,4,4,74.08,71.14,81.95,82.43,84.89,81.66
494397,Caviar,4,5,3,3,4,2,4,2,4,3,57.56,54.42,66.19,65.74,65.99,67.64
494396,Craver,4,5,4,5,1,2,4,4,4,5,63.65,56.79,73.42,76.14,79.52,78.32
494395,Curious,3,4,4,3,5,5,2,3,5,4,74.83,75.95,81.98,78.27,79.34,75.40
494394,Craver,3,5,3,4,5,4,4,3,4,5,75.34,76.79,85.57,82.15,86.45,82.13
494393,Cheap + Curious,2,5,2,2,5,4,3,5,5,5,71.95,78.99,77.64,70.16,69.44,62.78
494392,Caviar,5,5,5,5,5,1,5,1,5,3,72.99,67.58,91.25,92.62,102.60,105.44
494391,Comfy,3,3,4,4,3,4,1,2,4,3,52.33,45.69,54.23,56.13,51.24,52.23
494389,Comfy,3,3,2,4,4,5,2,4,3,3,59.49,55.80,59.15,60.01,55.72,51.76
494388,Comfy,4,4,4,4,3,4,3,2,3,3,59.29,51.43,64.65,67.69,66.76,67.38
494386,Curious,2,5,3,4,4,4,1,5,2,3,56.73,56.07,57.51,55.89,51.51,47.14
494384,Craver,4,5,4,4,5,2,3,5,5,3,76.39,76.81,88.42,86.14,92.15,88.46
494381,Curious,4,5,3,3,4,3,2,4,3,4,61.77,60.99,67.87,65.54,64.78,62.21
494380,Caviar,3,4,4,4,5,1,4,2,4,4,57.62,54.42,68.48,68.36,69.83,72.53
494379,Caviar,4,2,4,4,4,1,3,1,3,4,43.65,33.74,50.12,54.45,50.97,57.26
494378,Craver,4,5,4,4,5,5,2,3,4,4,79.56,79.89,89.29,86.11,90.85,85.85
494377,Cheap + Curious,2,4,2,3,4,5,1,5,4,4,62.50,64.96,62.23,58.15,53.09,46.76
494376,Caviar,5,3,4,5,3,2,4,2,4,3,59.52,48.74,68.75,74.40,76.92,79.65
494375,Curious,4,4,3,3,4,4,3,1,5,4,63.89,61.52,71.37,69.78,69.83,69.87
494374,Craver,3,5,5,4,5,2,3,3,4,5,69.88,69.86,82.91,80.05,84.50,83.63
494373,Craver,4,4,4,5,3,2,3,4,5,4,67.74,63.06,77.87,79.15,83.17,81.58
494372,Caviar,5,5,5,5,5,2,3,2,3,4,70.68,65.97,85.46,85.89,93.17,93.64
494371,Caviar,5,4,5,5,4,2,5,2,5,4,76.04,69.19,92.09,94.73,103.74,104.65
494370,Caviar,4,4,4,4,4,1,4,1,4,4,54.51,48.42,65.58,67.09,68.48,72.87
494369,Craver,5,4,5,5,5,2,4,3,5,5,82.28,79.09,99.57,99.39,109.87,108.25
494368,Curious,3,5,3,4,4,4,3,3,5,4,71.16,71.70,79.33,76.45,78.93,75.16
494367,Curious,4,4,4,3,5,2,2,3,4,3,59.88,57.57,67.91,66.68,66.36,67.15
494366,Caviar,3,3,5,5,3,2,2,1,2,3,40.78,28.97,44.82,50.61,45.80,51.68
494365,Caviar,3,4,4,2,3,1,4,1,4,3,41.10,34.49,46.77,48.46,42.68,49.56
494363,Craver,3,5,4,4,5,3,3,2,4,5,68.51,68.89,79.77,76.45,79.79,78.53
494362,Comfy,3,3,3,4,4,3,3,3,4,4,58.18,54.13,63.14,63.90,62.10,61.61
494361,Curious,3,4,3,4,4,4,3,2,5,4,65.62,63.92,72.54,71.16,71.76,70.09
494360,Caviar,5,3,5,5,4,1,4,2,4,4,63.38,54.13,76.67,80.93,85.99,89.38
494359,Caviar,3,5,5,3,4,2,4,2,4,4,61.42,58.38,72.30,71.54,72.78,75.01
494358,Caviar,4,2,4,4,3,2,3,2,3,5,49.25,39.54,54.85,59.09,55.99,59.62
494357,Caviar,4,4,4,5,3,2,5,2,4,3,60.82,51.85,70.89,75.50,78.65,80.94
494356,Craver,4,4,4,5,5,2,4,3,4,4,70.66,66.94,83.23,83.90,89.79,89.00
494355,Comfy,3,3,3,3,3,3,4,3,3,2,47.30,38.82,48.05,52.43,46.10,48.38
494354,Caviar,5,5,5,5,5,1,5,2,5,5,79.73,76.81,99.82,99.26,111.14,111.53
494353,Cheap + Curious,2,5,1,4,5,4,2,4,5,5,68.45,74.91,73.79,66.79,66.99,60.04
494352,Craver,4,5,3,4,5,4,2,3,4,2,68.74,67.71,75.71,73.99,75.91,72.86
494351,Caviar,5,2,5,5,3,5,5,1,3,3,68.44,53.73,76.13,84.77,87.56,89.45
494350,Craver,4,4,4,3,5,3,4,4,3,4,70.01,67.34,79.16,78.87,81.08,79.25
494349,Caviar,5,3,4,5,3,1,3,2,4,4,54.82,45.29,64.62,68.85,70.61,74.05
494348,Comfy,3,2,4,4,2,4,2,4,2,2,45.44,33.15,42.45,49.65,41.23,42.35
494347,Comfy,3,4,3,3,4,4,3,4,4,2,62.09,59.27,65.00,65.16,62.54,60.30
494346,Craver,5,5,5,5,5,2,4,4,5,4,85.94,84.05,103.53,102.74,114.41,111.23
494345,Caviar,5,5,5,5,5,1,4,1,4,3,67.23,61.28,83.57,85.06,92.86,96.13
494344,Curious,3,5,3,3,4,4,3,1,4,5,61.30,61.16,68.65,65.25,64.46,63.94
494343,Caviar,4,4,5,5,4,1,4,1,5,4,63.00,56.56,77.35,79.26,84.57,88.33
494342,Caviar,4,4,4,5,4,2,3,2,4,3,59.96,53.65,69.51,71.67,74.06,75.67
494341,Craver,5,3,5,4,5,3,2,4,4,4,74.97,70.67,85.67,86.16,90.62,88.56
494340,Curious,3,3,3,4,5,4,3,3,5,3,67.79,65.68,73.59,73.19,73.55,71.24
494339,Caviar,5,5,5,5,5,1,4,2,4,5,73.97,70.51,92.13,91.70,101.40,102.22
494338,Caviar,5,3,5,5,3,2,4,2,3,3,58.72,46.09,68.26,75.17,77.54,81.20
494337,Craver,5,5,5,5,4,3,4,4,4,3,81.28,76.01,95.12,96.98,105.96,103.06
494336,Craver,4,5,4,4,5,4,3,4,4,5,82.31,83.41,94.30,90.89,97.44,91.90
494335,Caviar,3,5,5,4,5,2,3,2,5,5,70.42,70.88,84.57,81.07,86.15,86.16
494334,Caviar,4,5,4,3,3,2,4,1,4,4,55.58,50.42,65.33,65.72,65.87,69.35
494333,Caviar,5,5,5,5,5,1,5,1,5,5,76.74,73.22,96.91,96.50,107.86,109.61
494332,Comfy,2,3,3,5,4,2,3,3,5,4,56.11,52.97,62.13,62.60,61.55,61.54
494331,Caviar,4,4,4,3,3,3,3,1,3,2,47.86,38.87,51.94,55.44,51.12,55.54
494330,Caviar,4,4,5,5,5,1,5,1,5,4,68.83,63.44,85.33,86.80,94.39,97.66
494329,Craver,4,3,4,5,2,3,4,4,4,3,62.75,52.53,68.69,74.64,75.64,75.13
494328,Cheap + Curious,3,5,1,2,5,3,1,5,5,5,63.90,71.84,68.34,59.58,57.10,50.96
494327,Caviar,5,5,5,5,5,1,4,1,5,3,70.76,65.89,88.13,88.84,97.80,100.57
494326,Craver,4,5,4,4,5,3,3,3,4,3,71.23,69.61,81.89,80.56,84.77,82.99
494325,Caviar,5,5,5,5,5,1,4,1,4,5,70.98,66.92,89.23,88.94,98.12,100.30
494324,Caviar,4,3,4,5,3,2,4,2,4,3,56.04,45.97,63.89,69.17,69.96,72.93
494323,Caviar,5,5,5,4,4,2,4,2,3,4,67.08,60.90,80.59,82.08,87.36,89.02
494322,Caviar,4,4,4,4,3,2,3,2,3,2,48.73,39.46,54.13,58.35,55.88,59.66
494321,Curious,3,5,3,3,5,3,3,3,4,4,64.66,66.12,72.65,68.87,69.29,67.34
494320,Curious,3,4,3,3,5,4,2,5,5,5,75.61,79.41,82.70,77.47,78.86,72.51
494319,Curious,4,1,4,3,5,3,1,5,5,5,67.59,65.30,73.02,72.14,70.79,68.10
494318,Cheap + Curious,1,3,1,1,3,5,1,5,4,3,43.81,44.88,35.46,32.44,17.85,14.30
494317,Caviar,5,5,5,5,3,1,4,1,4,1,56.27,45.27,68.19,73.69,77.57,83.04
494316,Caviar,5,4,5,5,4,2,4,2,5,4,73.81,67.50,88.97,90.95,98.93,99.79
494314,Craver,4,5,4,4,5,2,4,2,5,4,71.53,70.56,85.65,83.60,89.73,89.65
494313,Caviar,5,3,5,5,4,1,5,1,4,3,60.75,49.41,74.05,80.02,84.88,90.24
494312,Craver,5,5,3,3,5,2,5,2,5,5,74.16,74.31,89.26,86.16,92.96,92.30
494311,Craver,5,5,5,5,5,2,3,2,5,4,77.74,75.18,94.60,93.45,103.03,102.53
494309,Caviar,4,3,4,4,3,1,3,1,5,2,45.91,36.32,52.62,56.91,54.45,60.67
494308,Cheap + Curious,2,5,1,1,3,5,1,5,3,2,46.99,48.60,40.70,37.03,25.01,20.79
494307,Caviar,4,2,5,5,2,1,5,1,5,2,49.17,33.87,57.32,66.60,66.31,73.81
494305,Comfy,3,3,3,3,4,3,3,3,3,3,50.55,45.13,52.62,54.33,48.94,50.06
494304,Caviar,4,4,4,4,4,2,3,3,2,4,55.54,49.26,62.99,64.96,64.51,65.77
494303,Cheap + Comfy,2,3,2,3,3,5,3,5,4,3,58.93,56.15,56.89,57.50,51.17,46.79
494302,Comfy,4,4,3,4,4,3,3,4,2,4,60.14,55.47,65.67,66.87,66.36,64.50
494301,Caviar,5,3,4,5,3,2,4,2,3,3,55.99,44.13,64.19,70.63,71.98,75.20
494300,Cheap + Comfy,1,2,2,3,3,3,3,4,4,2,39.35,33.63,34.71,37.63,26.16,27.29
494299,Curious,3,5,3,5,3,5,1,1,4,4,60.15,57.50,64.83,63.41,62.52,60.53
494298,Comfy,3,4,3,4,4,3,4,2,3,4,56.44,51.82,62.67,63.69,62.57,63.25
494296,Caviar,4,4,4,4,4,2,2,1,5,4,57.92,54.21,67.76,66.99,67.93,70.40
494295,Caviar,5,2,5,5,2,2,5,2,5,3,61.85,47.62,71.77,80.22,83.31,87.35
494294,Curious,4,5,4,3,5,3,2,4,4,5,73.51,75.56,84.21,79.55,82.91,79.20
494293,Caviar,5,4,5,5,3,1,4,1,4,2,55.59,43.90,67.13,73.09,76.32,81.98
494291,Curious,2,4,3,3,5,3,4,3,5,4,64.39,65.46,71.58,68.66,68.19,66.78
494290,Curious,3,4,3,3,4,2,3,2,5,4,54.71,53.19,61.71,59.90,57.91,59.44
494289,Caviar,5,5,5,5,4,2,5,2,4,4,75.06,68.78,91.41,93.50,102.69,103.35
494288,Caviar,4,2,4,4,3,3,4,1,2,4,47.43,34.79,51.51,58.11,54.08,58.85
494287,Caviar,4,4,4,5,4,2,4,3,3,2,59.78,51.50,68.14,72.50,74.59,75.93
494285,Caviar,5,4,5,5,5,2,5,2,5,4,79.65,74.38,96.95,98.48,108.76,109.11
494284,Curious,2,5,2,3,5,3,2,3,4,4,56.22,59.70,60.59,55.31,51.97,49.76
494283,Craver,5,5,5,5,3,3,4,3,5,5,81.96,77.49,97.58,98.13,107.84,105.29
494282,Craver,5,5,5,5,5,5,5,5,5,5,106.07,105.88,123.93,122.33,137.51,128.55
494281,Cheap + Curious,1,4,1,2,4,5,1,5,1,3,41.60,42.01,33.63,31.25,17.55,13.60
494280,Caviar,5,5,5,5,4,1,5,1,5,3,69.39,62.40,86.39,88.88,97.58,100.98
494279,Curious,3,3,2,3,4,4,2,3,5,2,55.12,52.45,55.58,55.31,49.94,48.81
494278,Caviar,5,4,5,5,5,2,4,2,5,4,77.41,72.68,93.83,94.70,103.95,104.24
494277,Caviar,5,3,5,5,4,1,5,1,5,4,66.16,56.84,81.45,85.74,92.44,96.77
494276,Craver,5,5,5,4,5,4,3,5,4,4,89.63,88.91,103.32,101.48,110.61,104.45
494275,Craver,3,5,4,4,5,4,3,4,5,5,82.36,85.25,94.00,89.44,95.42,89.63
494274,Caviar,4,4,4,4,3,2,4,1,4,3,53.37,44.99,61.74,65.10,64.96,69.14
494273,Curious,4,5,3,2,5,2,4,3,4,5,65.68,67.25,76.49,72.26,73.95,73.17
494272,Craver,4,3,4,4,5,3,2,3,4,4,65.77,62.35,73.83,73.63,74.83,73.92
494271,Craver,4,5,4,4,5,2,4,3,5,4,74.52,74.15,88.56,86.36,93.01,91.57
494270,Caviar,5,5,5,5,5,1,5,1,5,3,72.99,67.58,91.25,92.62,102.60,105.44
494269,Craver,5,4,5,5,4,5,4,3,5,3,87.96,81.99,100.59,102.87,111.97,108.07
494268,Craver,5,5,3,5,5,3,2,4,2,4,69.77,67.50,79.29,78.46,83.01,78.98
494267,Curious,3,5,3,4,5,3,3,5,3,5,71.21,73.09,79.85,76.40,79.15,73.84
494266,Cheap + Curious,1,4,1,3,5,1,2,2,4,4,35.78,38.04,37.16,32.84,24.03,26.34
494265,Cheap + Curious,3,5,2,3,4,4,1,5,5,4,67.72,71.95,71.70,65.99,64.74,58.25
494264,Caviar,5,5,5,5,5,1,5,2,5,5,79.73,76.81,99.82,99.26,111.14,111.53
494263,Craver,4,4,4,4,5,3,3,3,4,3,68.68,65.42,78.00,78.02,80.89,79.85
494262,Caviar,5,3,4,5,3,2,5,3,4,2,62.86,51.20,71.95,79.01,82.38,84.35
494261,Caviar,5,3,5,5,3,1,5,1,5,3,60.68,48.83,73.76,80.05,84.80,90.22
494260,Caviar,5,5,5,5,5,1,5,1,5,5,76.74,73.22,96.91,96.50,107.86,109.61
494259,Craver,4,5,5,5,5,4,4,5,4,5,92.48,92.23,107.53,105.84,116.69,109.71
494257,Caviar,5,5,5,3,5,1,4,3,2,4,63.57,58.91,76.82,77.24,81.00,83.12
494256,Comfy,3,2,4,4,2,4,4,3,3,2,50.45,37.56,50.35,58.24,52.48,54.61
494255,Craver,4,5,4,4,4,3,3,3,5,4,73.03,71.85,84.42,82.53,87.32,85.06
494254,Craver,4,5,4,5,5,4,4,4,4,4,84.89,83.86,97.72,96.60,105.22,99.70
494253,Caviar,4,4,4,5,5,2,5,1,3,2,59.64,51.21,70.31,74.52,77.84,81.41
494252,Comfy,3,3,2,3,3,3,3,2,4,4,46.63,41.82,48.17,49.00,42.64,44.20
494251,Caviar,5,5,5,5,3,1,4,2,5,2,64.66,56.29,78.49,82.16,88.42,91.49
494250,Comfy,3,4,3,3,2,3,4,1,5,1,45.46,37.04,47.56,51.32,45.63,50.03
494249,Craver,3,5,3,5,5,3,3,5,4,5,76.96,79.27,87.55,84.03,89.69,83.31
494248,Cheap + Comfy,1,3,1,2,1,5,1,2,4,4,31.73,28.14,22.98,22.47,6.18,6.73
494246,Comfy,4,4,2,3,4,5,3,3,1,4,57.35,52.89,58.68,59.34,55.24,52.75
494245,Caviar,4,3,4,3,4,2,3,2,4,1,49.21,40.66,53.71,57.54,53.72,58.31
494244,Caviar,5,1,5,5,4,1,5,1,5,3,59.18,45.64,70.85,78.72,82.05,88.38
494243,Caviar,5,5,5,5,3,1,5,1,5,3,65.78,57.21,81.53,85.13,92.57,96.52
494242,Caviar,5,5,5,5,3,1,5,1,5,4,67.65,60.03,84.36,87.07,95.19,98.60
494241,Caviar,4,4,4,4,4,2,4,2,4,3,59.97,53.76,69.51,71.60,73.26,75.52
494240,Caviar,4,3,4,4,3,2,4,2,4,3,53.81,44.39,60.76,65.32,64.36,67.91
494239,Caviar,5,5,5,5,3,1,5,1,5,3,65.78,57.21,81.53,85.13,92.57,96.52
494238,Craver,4,5,5,5,5,4,3,4,5,5,90.79,91.56,106.07,103.07,113.53,107.37
494237,Caviar,5,5,5,4,3,1,4,1,5,4,63.20,56.76,78.12,79.43,84.79,88.72
494236,Caviar,5,3,5,5,4,2,5,1,5,5,72.37,64.23,88.13,91.38,99.20,101.67
494235,Comfy,3,3,5,4,3,3,3,3,4,2,56.29,47.23,60.77,65.36,62.94,64.98
494234,Caviar,5,4,5,5,4,2,5,2,5,4,76.04,69.19,92.09,94.73,103.74,104.65
494233,Caviar,4,3,5,3,4,2,4,2,4,3,57.92,49.95,66.57,69.75,69.34,73.35
494232,Caviar,5,3,5,5,3,4,5,2,3,3,69.64,56.94,79.07,86.36,90.60,91.70
494231,Comfy,3,4,3,3,4,3,4,2,3,3,52.35,47.43,56.71,57.90,54.35,56.15
494229,Cheap + Curious,2,5,2,2,5,3,2,5,5,5,65.38,72.72,70.67,62.68,60.51,55.10
494228,Craver,5,3,2,5,4,2,4,3,4,3,60.65,53.59,68.37,71.82,74.10,74.02
494227,Caviar,4,3,5,5,3,1,2,1,4,2,45.10,33.55,52.14,57.75,55.86,62.39
494226,Comfy,4,4,2,3,4,4,2,3,3,2,54.09,50.19,55.19,55.53,50.92,49.79
494225,Comfy,4,4,3,3,3,2,3,3,2,3,45.10,37.72,48.10,50.87,45.71,48.20
494224,Curious,4,5,3,3,4,3,3,3,5,5,69.94,71.13,80.05,76.06,78.79,76.13
494223,Craver,4,4,4,5,4,2,2,4,3,4,62.05,57.34,70.47,71.56,73.52,72.29
494222,Cheap + Comfy,2,3,3,2,4,4,2,4,4,3,53.48,51.86,52.83,51.69,43.93,42.63
494221,Craver,4,4,4,5,3,3,4,3,4,4,67.79,61.14,77.36,80.11,83.88,82.90
494220,Craver,5,4,5,5,3,3,3,3,5,3,73.43,65.96,84.92,87.93,93.90,93.11
494219,Comfy,4,3,3,4,3,2,3,3,3,3,48.31,39.72,51.91,55.97,52.35,54.52
494218,Caviar,4,4,4,4,4,2,4,2,5,5,67.25,64.01,79.73,79.26,83.45,84.13
494217,Caviar,4,3,4,3,5,3,3,2,4,3,60.91,56.06,68.08,68.87,68.12,69.76
494215,Comfy,3,4,4,3,4,3,3,3,4,3,59.37,55.88,65.15,65.19,63.32,63.65
494214,Curious,3,4,3,4,5,3,2,4,4,4,65.10,65.40,71.68,69.16,69.48,66.27
494213,Curious,3,5,3,3,5,2,1,4,1,5,50.13,50.75,54.60,50.96,46.67,45.47
494212,Comfy,3,3,3,4,3,4,3,1,4,4,52.94,46.35,56.32,58.34,54.64,56.12
494211,Caviar,4,3,4,3,3,2,4,3,5,3,58.10,51.00,65.11,67.99,66.98,69.25
494210,Craver,5,5,5,5,5,3,5,3,4,4,86.00,82.12,103.02,103.70,115.12,112.55
494209,Caviar,4,2,4,4,3,2,4,2,4,3,51.26,40.20,56.87,62.78,60.48,64.76
494208,Caviar,5,5,5,5,5,1,4,1,4,3,67.23,61.28,83.57,85.06,92.86,96.13
494207,Cheap + Curious,1,5,2,3,5,5,1,4,5,4,65.72,72.58,67.77,60.23,56.68,50.17
494206,Craver,4,2,5,4,4,3,2,4,4,5,67.20,61.35,74.89,76.59,77.39,76.32
494205,Cheap + Curious,2,5,2,1,5,2,3,4,5,5,58.05,64.67,63.91,56.15,52.30,50.21
494204,Caviar,4,4,5,4,3,3,5,2,4,3,65.67,56.81,75.69,79.89,82.74,84.74
494203,Craver,4,5,4,5,4,2,5,3,4,3,69.96,64.81,82.55,84.54,90.84,90.47
494201,Caviar,4,3,5,5,3,2,3,2,3,3,53.01,41.63,60.28,66.16,65.78,69.62
494200,Curious,3,5,3,3,4,4,1,5,5,4,70.45,73.91,75.78,70.54,70.29,64.25
494199,Curious,2,5,3,4,5,3,2,3,4,4,61.18,63.23,67.79,63.71,63.13,60.78
494198,Comfy,3,3,3,3,4,3,3,3,4,4,55.96,52.56,60.02,60.04,56.50,56.58
494197,Craver,4,5,4,5,4,3,3,2,4,4,68.73,65.23,80.08,79.85,84.70,83.72
494196,Craver,4,5,4,3,5,3,4,3,3,4,69.58,67.94,80.14,78.65,81.68,80.48
494195,Caviar,3,5,4,4,4,2,4,2,5,5,66.32,65.43,78.75,76.57,80.38,80.56
494194,Curious,3,5,3,4,5,3,3,3,5,5,72.29,75.13,83.17,78.44,82.45,78.89
494193,Craver,5,5,5,5,5,2,5,5,5,5,93.03,92.15,112.39,111.23,125.13,120.10
494192,Craver,4,5,4,4,4,4,3,4,5,4,80.36,80.01,91.18,88.98,94.73,89.80
494191,Curious,3,4,3,2,5,5,3,4,4,3,69.69,70.27,73.40,70.69,68.72,64.64
494190,Comfy,4,4,3,3,3,5,3,4,4,3,68.18,64.25,71.68,72.28,71.24,67.45
494189,Craver,5,5,3,5,5,3,3,4,4,5,80.94,81.23,94.37,91.73,100.31,94.82
494188,Curious,3,5,3,3,3,3,2,1,4,4,49.25,46.88,53.99,52.08,47.88,49.72
494186,Craver,4,5,4,4,5,2,4,2,5,5,73.40,73.38,88.48,85.54,92.35,91.74
494185,Caviar,4,3,5,5,4,3,5,2,3,3,65.42,54.78,75.22,81.18,84.53,86.63
494184,Caviar,5,3,5,4,4,1,4,1,4,3,56.30,46.14,67.81,72.38,74.48,80.35
494183,Comfy,2,1,3,5,3,2,5,1,3,1,33.21,17.95,32.29,42.47,34.05,41.53
494182,Caviar,5,5,4,4,4,2,4,2,4,4,67.87,63.54,81.09,81.31,86.73,87.47
494181,Curious,3,4,3,3,4,2,1,3,4,3,47.83,45.96,50.99,49.37,44.02,45.10
494180,Caviar,4,5,5,4,4,2,4,2,4,4,67.13,62.73,80.30,80.62,85.33,86.75
494179,Comfy,4,4,2,4,4,3,4,2,1,3,48.26,40.60,51.50,54.89,51.48,53.00
494178,Caviar,4,5,5,4,5,2,4,2,5,4,74.26,72.52,89.72,88.15,95.28,95.65
494177,Cheap + Comfy,2,3,1,2,4,4,2,3,3,4,43.37,42.57,40.03,38.01,27.22,26.35
494176,Caviar,4,4,4,5,3,2,4,3,3,3,58.04,49.14,66.11,70.69,72.20,73.55
494173,Comfy,4,3,3,4,3,4,3,3,3,5,60.74,54.51,65.26,67.25,65.86,64.32
494172,Craver,4,5,3,4,3,3,4,3,4,3,63.51,58.97,71.21,72.31,73.99,72.94
494171,Caviar,5,5,5,5,3,2,5,2,5,4,74.99,68.20,91.12,93.53,102.61,103.34
494170,Comfy,3,4,3,5,4,4,3,2,3,3,58.91,53.46,63.70,65.53,64.86,64.14
494169,Caviar,5,3,5,5,3,2,4,2,4,3,62.25,50.70,72.83,78.95,82.47,85.65
494168,Caviar,5,5,5,5,5,1,5,1,5,5,76.74,73.22,96.91,96.50,107.86,109.61
494167,Craver,5,5,5,5,5,5,5,1,3,5,87.05,82.31,103.16,103.76,114.50,111.98
494166,Curious,3,5,3,3,5,4,3,4,3,5,70.34,72.50,77.66,73.49,74.40,69.72
494165,Caviar,5,2,5,5,2,2,5,1,3,3,51.80,34.82,59.73,69.92,70.16,76.54
494164,Craver,4,5,4,5,4,4,3,2,3,4,69.55,65.20,79.36,79.78,83.89,82.09
494162,Curious,3,5,3,3,4,2,3,3,4,4,56.71,56.36,63.94,61.42,60.14,60.07
494161,Craver,4,5,5,5,4,3,4,3,5,4,80.21,77.08,94.75,94.71,103.28,100.95
494160,Curious,3,5,3,4,4,4,3,5,4,4,73.60,74.27,80.58,78.19,80.57,74.56
494159,Caviar,4,4,4,5,4,3,4,2,4,3,66.54,59.92,76.48,79.16,82.99,83.35
494158,Comfy,4,4,3,4,3,2,3,3,4,4,56.26,51.33,63.19,64.22,63.80,64.20
494157,Curious,4,4,3,3,4,3,2,3,4,3,57.88,55.00,62.82,62.09,59.91,59.50
494155,Curious,3,4,2,3,4,3,3,3,3,3,50.37,47.36,52.43,52.32,47.27,47.20
494154,Craver,4,5,4,4,5,2,4,2,5,5,73.40,73.38,88.48,85.54,92.35,91.74
494153,Craver,4,5,4,3,5,3,3,3,4,4,70.88,70.85,81.59,78.64,81.80,80.06
494152,Caviar,5,5,5,5,5,1,5,1,5,4,74.86,70.40,94.08,94.56,105.23,107.52
494151,Caviar,5,4,4,4,4,1,4,1,5,4,61.52,55.80,75.01,76.09,80.37,84.03
494150,Comfy,3,3,3,4,3,3,3,3,3,3,49.17,41.52,50.89,54.44,49.52,50.62
494149,Caviar,5,5,5,5,5,1,3,1,2,1,54.19,44.74,65.65,69.84,72.94,78.21
494148,Craver,3,5,3,5,5,3,3,3,4,4,69.11,69.28,78.90,76.58,80.49,77.38
494147,Caviar,4,4,4,4,4,2,4,2,4,4,61.84,56.58,72.34,73.54,75.89,77.60
494146,Craver,2,5,3,5,5,4,4,3,5,5,77.61,80.20,88.40,84.56,90.02,84.87
494145,Comfy,3,4,3,4,4,4,2,3,3,3,57.44,53.78,60.36,60.64,57.75,56.18
494144,Curious,2,5,3,3,5,4,2,5,5,5,74.68,80.83,81.72,74.78,75.79,68.94
494143,Craver,5,5,5,5,5,4,3,3,4,5,87.76,86.13,103.46,101.77,112.27,107.72
494142,Comfy,3,3,4,3,4,2,3,2,4,4,51.35,46.35,57.34,58.13,54.65,57.85
494141,Craver,4,5,4,4,5,3,3,3,4,4,73.10,72.43,84.72,82.50,87.40,85.08
494140,Comfy,3,2,3,4,2,4,3,3,4,3,50.89,41.33,50.56,55.63,49.68,50.27
494139,Craver,4,5,4,4,3,4,3,4,4,3,71.35,67.40,78.92,79.52,82.15,78.81
494138,Craver,3,3,4,3,5,4,4,5,5,4,78.37,77.75,86.30,85.11,87.51,83.01
494137,Cheap + Curious,3,5,1,3,5,5,3,5,3,4,70.34,73.93,73.44,68.92,68.07,60.36
494136,Curious,3,5,3,4,5,4,1,3,5,3,68.43,70.67,75.12,70.69,71.71,67.81
494135,Caviar,5,3,5,4,3,1,5,1,5,1,54.70,41.61,64.97,72.32,73.94,81.03
494134,Caviar,5,3,4,5,5,1,5,2,5,4,70.02,63.65,85.14,87.70,95.19,97.14
494133,Caviar,4,4,5,5,4,2,3,1,4,2,57.83,49.20,67.85,71.52,73.70,77.67
494132,Comfy,2,3,2,4,3,3,3,3,4,4,48.36,44.22,49.34,50.38,44.57,44.43
494131,Comfy,3,4,3,4,3,4,3,4,4,3,62.58,58.48,66.09,67.21,65.75,62.94
494130,Caviar,5,3,5,5,3,3,5,1,3,3,62.30,48.77,72.32,79.90,83.19,86.96
494129,Comfy,3,2,4,4,2,2,3,2,3,2,36.54,23.12,36.63,44.30,36.14,42.19
494128,Caviar,5,5,5,5,3,1,4,1,4,2,58.15,48.09,71.02,75.63,80.20,85.13
494127,Caviar,4,4,4,4,3,2,5,1,5,4,61.01,54.11,72.26,74.60,77.33,80.53
494126,Craver,4,5,4,5,5,4,5,4,5,5,92.52,92.99,108.23,106.10,117.58,111.09
494125,Curious,3,4,3,3,5,3,3,3,4,5,63.99,64.75,71.59,68.27,68.03,66.28
494124,Craver,4,5,4,3,5,3,3,5,3,5,75.20,76.24,85.66,82.31,86.07,81.54
494123,Craver,4,5,4,5,3,3,3,4,5,3,72.76,69.01,82.77,83.45,88.55,85.46
494121,Caviar,5,3,4,5,3,2,4,2,4,4,61.39,51.56,71.58,76.34,79.54,81.73
494120,Curious,4,4,3,3,4,3,3,3,4,4,61.99,59.52,68.77,67.81,67.34,66.45
494119,Caviar,5,2,5,5,4,1,5,1,4,2,56.33,42.40,67.34,75.55,78.37,85.00
494118,Caviar,4,5,5,5,3,2,4,2,5,3,67.40,60.91,80.30,82.57,88.22,89.67
494117,Comfy,3,3,4,4,4,3,3,2,4,3,56.05,49.69,61.48,63.75,61.74,63.60
494116,Caviar,3,3,5,2,2,2,5,1,4,4,46.12,36.16,51.89,56.14,50.90,57.72
494115,Cheap + Curious,3,5,1,1,3,5,3,1,5,3,51.91,52.44,52.14,48.30,40.93,40.53
494114,Cheap + Curious,1,4,2,3,5,4,2,4,5,4,61.05,65.51,63.16,57.77,53.48,49.07
494113,Comfy,3,3,4,2,4,2,3,2,3,3,43.73,37.35,46.81,48.56,41.49,46.30
494112,Cheap + Curious,2,4,2,2,5,4,1,4,5,5,61.95,67.82,64.61,57.30,52.66,47.99
494111,Caviar,5,3,5,5,3,5,3,1,4,1,66.32,53.50,72.68,79.63,81.51,83.14
494110,Comfy,4,5,3,4,2,3,3,3,3,2,52.27,44.67,55.83,59.06,56.60,57.09
494109,Comfy,3,3,3,5,3,3,3,3,3,3,51.40,43.10,54.02,58.29,55.12,55.64
494108,Caviar,4,5,4,4,4,2,4,2,3,3,58.99,53.35,68.82,70.36,72.21,74.22
494107,Caviar,5,5,5,5,4,1,5,1,4,4,67.73,60.61,84.66,87.04,95.28,98.62
494106,Curious,3,5,4,3,5,3,3,2,3,4,60.88,59.89,69.25,66.88,66.63,66.98
494105,Caviar,4,5,4,4,3,2,4,2,3,5,59.13,53.80,69.62,70.50,72.45,73.93
494104,Craver,3,5,4,4,5,2,4,3,4,5,69.38,69.60,81.95,79.29,83.75,82.50
494103,Caviar,4,3,4,4,2,1,3,2,5,3,47.16,37.54,53.50,57.86,55.34,60.22
494102,Craver,4,4,4,4,4,4,4,4,4,3,74.63,70.09,83.01,84.52,88.09,84.99
494101,Caviar,5,4,5,4,4,1,5,1,5,3,64.61,56.63,79.38,82.48,88.10,92.81
494100,Caviar,4,3,5,5,4,4,4,1,4,4,69.95,61.50,80.44,84.05,88.13,89.19
494099,Craver,4,5,4,4,5,3,4,2,5,5,77.75,77.96,92.33,89.24,96.48,94.55
494098,Caviar,4,5,4,3,5,2,3,1,5,3,62.21,60.88,73.66,71.27,73.41,75.76
494097,Caviar,4,4,5,4,5,1,4,1,4,3,58.97,52.74,71.69,73.44,76.42,81.24
494096,Caviar,5,5,5,5,5,1,5,1,3,4,67.80,61.19,84.95,87.01,95.36,98.63
494095,Caviar,5,5,4,5,4,1,5,1,5,2,64.78,57.62,79.49,82.39,89.40,92.89
494094,Craver,4,5,4,4,5,3,3,4,2,4,69.03,66.80,78.49,77.70,80.82,78.11
494092,Craver,4,5,4,5,5,2,5,2,5,5,77.86,76.66,94.73,93.19,102.76,101.62
494091,Craver,4,5,4,4,4,3,3,4,4,5,74.36,73.65,85.59,83.44,88.30,84.62
494090,Caviar,4,5,4,4,4,2,3,3,3,3,59.75,55.24,68.61,69.33,70.70,71.28
494089,Caviar,5,4,5,5,5,1,4,2,4,5,71.41,66.32,88.25,89.16,97.52,99.07
494088,Craver,4,5,3,4,5,3,3,4,5,5,78.76,81.48,90.95,86.42,92.69,87.53
494087,Caviar,5,3,5,5,4,2,5,2,4,4,69.96,60.40,83.64,88.42,94.92,97.06
494086,Craver,4,5,3,5,5,5,3,2,5,5,83.70,85.04,95.95,92.17,99.97,94.34
494085,Cheap + Comfy,2,2,2,3,2,4,3,1,2,2,27.54,15.81,20.71,27.00,12.50,17.72
494084,Caviar,4,3,5,4,3,1,4,1,5,2,50.87,39.97,59.82,65.24,64.81,71.54
494083,Cheap + Comfy,2,2,2,3,2,4,1,5,3,3,40.44,34.20,33.50,36.16,23.60,22.20
494082,Caviar,4,3,4,3,3,2,4,3,3,4,52.92,44.61,58.80,62.38,59.74,62.45
494081,Craver,4,5,4,3,5,4,4,3,5,5,82.85,84.55,95.95,91.84,98.30,94.27
494080,Caviar,5,4,5,5,3,1,5,1,4,4,61.57,51.24,75.91,80.75,86.38,91.01
494078,Cheap + Comfy,2,4,3,4,3,5,1,5,3,2,56.57,53.06,54.35,55.15,49.04,44.71
494077,Caviar,5,5,5,5,5,2,4,1,5,4,76.98,73.28,94.81,94.48,104.55,105.47
494076,Craver,4,5,3,5,5,3,3,5,5,5,83.97,86.65,96.98,93.04,101.57,94.47
494024,Caviar,5,3,4,4,3,2,4,2,4,3,57.29,47.16,65.63,70.55,71.32,74.63
493982,Caviar,4,5,4,4,3,3,4,2,4,3,63.26,57.34,72.38,74.09,76.26,77.02
493526,Curious,3,5,3,4,5,3,2,4,4,5,69.52,72.41,78.39,73.63,76.00,71.50
