<COMPONENT>
	<HEADER PLATEFORM="ALL" SERIAL="" VERSION="0.100" STATUS="ALPHA"
		COMPATIBILITY="ALL" AUTHOR="Usman Zubair" RELEASE_DATE="20170901"
		STARTABLE="true" LOG4J_ENABLED="true">
		<SIGNATURE />
	</HEADER>

  <FAMILIES>
    <FAMILY>Cloud/AzureStorage/DataLake</FAMILY>
  </FAMILIES>

	<DOCUMENTATION>
		<URL />
	</DOCUMENTATION>

	<CONNECTORS>
		<CONNECTOR CTYPE="FLOW" MAX_INPUT="0" MAX_OUTPUT="0" />
		<CONNECTOR CTYPE="ITERATE" MAX_OUTPUT="1" MAX_INPUT="1" />
		<CONNECTOR CTYPE="SUBJOB_OK" MAX_INPUT="1" />
		<CONNECTOR CTYPE="SUBJOB_ERROR" MAX_INPUT="1" />
		<CONNECTOR CTYPE="COMPONENT_OK" MAX_OUTPUT="1" />
		<CONNECTOR CTYPE="COMPONENT_ERROR" MAX_OUTPUT="1" />
		<CONNECTOR CTYPE="RUN_IF" MAX_OUTPUT="1" />
	</CONNECTORS>

	<PARAMETERS>
	
		<PARAMETER NAME="FQDN" FIELD="TEXT" NUM_ROW="10" GROUP="AZURE_CONNECTION" REQUIRED="true">
			<DEFAULT>"accountname.azuredatalakestore.net"</DEFAULT>
		</PARAMETER>

		<PARAMETER NAME="ENDPOINT" FIELD="TEXT" NUM_ROW="30" GROUP="AZURE_CONNECTION" REQUIRED="true">
			<DEFAULT>""</DEFAULT>
		</PARAMETER>

		<PARAMETER NAME="CLIENT_ID" FIELD="TEXT" NUM_ROW="40" GROUP="AZURE_CONNECTION" REQUIRED="true">
			<DEFAULT>""</DEFAULT>
		</PARAMETER>
 
		<PARAMETER NAME="CLIENT_KEY" FIELD="PASSWORD" NUM_ROW="40" GROUP="AZURE_CONNECTION" REQUIRED="true">
			<DEFAULT>""</DEFAULT>
		</PARAMETER>
		
		<PARAMETER NAME="LOCAL_FILE" FIELD="FILE" NUM_ROW="50" REQUIRED="true">
			<DEFAULT>"__COMP_DEFAULT_FILE_DIR__/out.csv"</DEFAULT>
		</PARAMETER>
		
		<PARAMETER NAME="ADLS_LOCATION" FIELD="TEXT" NUM_ROW="55" REQUIRED="true">
			<DEFAULT>""</DEFAULT>
		</PARAMETER>
		
		<PARAMETER NAME="OVERWRITE" FIELD="CHECK" NUM_ROW="60">
			<DEFAULT>"false"</DEFAULT>
		</PARAMETER>		
		
		<PARAMETER NAME="SET_PERMISSIONS" FIELD="CHECK" NUM_ROW="65">
			<DEFAULT>"false"</DEFAULT>
		</PARAMETER>	

		<PARAMETER NAME="FILE_PERMISSIONS" FIELD="TEXT" NUM_ROW="65" SHOW_IF="SET_PERMISSIONS == 'true'">
			<DEFAULT>"774"</DEFAULT>
		</PARAMETER>	

		<PARAMETER NAME="DIE_ON_ERROR" FIELD="CHECK" NUM_ROW="100">
			<DEFAULT>"false"</DEFAULT>
		</PARAMETER>			
		
	</PARAMETERS>

	<ADVANCED_PARAMETERS>
	
		<PARAMETER NAME="BUFFER_SIZE" FIELD="TEXT" NUM_ROW="20" REQUIRED="true">
			<DEFAULT>4</DEFAULT>
		</PARAMETER>	
		
	</ADVANCED_PARAMETERS>

	<CODEGENERATION>
		<IMPORTS>
			<IMPORT NAME="jackson-core-2.8.4" MODULE="jackson-core-2.8.4.jar" MVN="mvn:org.talend.libraries/jackson-core-2.8.4/6.0.0"  REQUIRED="true" />
            <IMPORT NAME="slf4j-api-1.7.7" MODULE="slf4j-api-1.7.7.jar" MVN="mvn:org.talend.libraries/slf4j-api-1.7.7/6.0.0"  REQUIRED="true" />
            <IMPORT NAME="slf4j-log4j12-1.7.6" MODULE="slf4j-log4j12-1.7.6.jar" MVN="mvn:org.talend.libraries/slf4j-log4j12-1.7.6/6.0.0"  REQUIRED="true" />			
			<IMPORT NAME="Azure-Data-Lake-Store-SDK" MODULE="azure-data-lake-store-sdk-2.1.5.jar" REQUIRED="true" />
		</IMPORTS>
	</CODEGENERATION>
	
	<RETURNS>
	</RETURNS>
</COMPONENT>
