<?xml version="1.0" encoding="UTF-8"?>
<root t='150' id='1' V150='13' creationTimestamp='0x15654eae296' V1='4' name='PackagingsAndSupports' incarnation='12'>
  <rootElem t='167' id='6' V167='21' V283='2' occurMaxTimes='1' minSize='-1' maxSize='-1' groupType='3' repHandlerStruct='' visible='true' inheritsFrom='' V281='13' V1='4' name='ROOT'>
    <structNode t='150' idref='1'/>
    <child t='167' id='7' V167='21' inheritsFromIncarnation='-1' inheritsInThisStruct='true' V283='2' occurMaxTimes='1' minSize='-1' maxSize='-1' groupType='1' repHandlerStruct='' visible='true' inheritsFrom='Structures/FORGE/Supports.xml' V281='13' V1='4' name='Supports'>
      <structNode t='150' idref='1'/>
      <savedDerivedCopy t='167' id='8' V167='21' needInheritInit='true' inheritsInThisStruct='true' V283='2' occurMaxTimes='1' minSize='-1' maxSize='-1' dataType='2' repHandlerStruct='' visible='true' inheritsFrom='Structures/FORGE/Supports.xml' V281='13' V1='4' name='Supports'>
      </savedDerivedCopy>
    </child>
    <child t='167' id='9' V167='21' inheritsFromIncarnation='-1' inheritsInThisStruct='true' V283='2' occurMaxTimes='1' minSize='-1' maxSize='-1' groupType='1' repHandlerStruct='' visible='true' inheritsFrom='Structures/FORGE/Packagings.xml' V281='13' V1='4' name='Packagings'>
      <structNode t='150' idref='1'/>
      <savedDerivedCopy t='167' id='10' V167='21' needInheritInit='true' inheritsInThisStruct='true' V283='2' occurMaxTimes='1' minSize='-1' maxSize='-1' dataType='2' repHandlerStruct='' visible='true' inheritsFrom='Structures/FORGE/Packagings.xml' V281='13' V1='4' name='Packagings'>
      </savedDerivedCopy>
    </child>
  </rootElem>
  <defaultRep t='172' id='2' V172='6' autoFixNamespaceMismatch='true' V170='10' V692='1' V690='1' ignoreExcluded='true' fixInvalidCharacters='true' V1='4' name='XML'>
  </defaultRep>
  <child t='162' id='3' V1='4' name='Representations'>
    <child t='172' idref='2'/>
  </child>
  <child t='165' id='4' V1='4' name='Document Bindings'>
    <child t='166' id='5' V166='5' docType='1' V1='4'>
      <structNode t='150' idref='1'/>
    </child>
  </child>
</root>
