<?xml version="1.0" encoding="UTF-8"?>
<root t='150' id='1' V150='13' creationTimestamp='0x156551509d0' V1='4' name='Supports_with_packaging_loop' incarnation='23'>
  <rootElem t='167' id='2' V167='21' V283='2' occurMinTimes='1' occurMaxTimes='1' minSize='-1' maxSize='-1' groupType='1' repHandlerStruct='' visible='true' inheritsFrom='' V281='13' V1='4' name='Supports_with_packaging_loop'>
    <structNode t='150' idref='1'/>
    <child t='167' id='3' V167='21' V283='2' occurMinTimes='1' occurMaxTimes='-1' minSize='-1' maxSize='-1' groupType='1' repHandlerStruct='' visible='true' inheritsFrom='' V281='13' V1='4' name='Pack'>
      <structNode t='150' idref='1'/>
      <child t='167' id='4' V167='21' V283='2' occurMinTimes='1' occurMaxTimes='1' minSize='-1' maxSize='-1' dataType='2' repHandlerStruct='' visible='true' inheritsFrom='' V281='13' V1='4' name='IDpack'>
        <structNode t='150' idref='1'/>
      </child>
      <child t='167' id='5' V167='21' V283='2' occurMinTimes='1' occurMaxTimes='1' minSize='-1' maxSize='-1' groupType='1' repHandlerStruct='' visible='true' inheritsFrom='' V281='13' V1='4' name='Classification'>
        <structNode t='150' idref='1'/>
        <child t='167' id='6' V167='21' V283='2' occurMinTimes='1' occurMaxTimes='1' minSize='-1' maxSize='-1' groupType='1' repHandlerStruct='' visible='true' inheritsFrom='' V281='13' V1='4' name='Codes'>
          <structNode t='150' idref='1'/>
          <child t='167' id='7' V167='21' V283='2' occurMinTimes='1' occurMaxTimes='1' minSize='-1' maxSize='-1' dataType='2' repHandlerStruct='' visible='true' inheritsFrom='' V281='13' V1='4' name='Code'>
            <structNode t='150' idref='1'/>
            <child t='167' id='8' V167='21' V283='2' occurMaxTimes='1' minSize='-1' maxSize='-1' groupType='3' repHandlerStruct='' inheritsFrom='' V281='13' V1='4' name='Attributes'>
              <structNode t='150' idref='1'/>
              <child t='167' id='9' V167='21' V283='2' occurMinTimes='1' occurMaxTimes='1' minSize='-1' maxSize='-1' dataType='2' elemType='1' repHandlerStruct='' visible='true' inheritsFrom='' V281='13' V1='4' name='name'>
                <structNode t='150' idref='1'/>
              </child>
            </child>
          </child>
        </child>
      </child>
      <child t='167' id='10' V167='21' V283='2' occurMinTimes='1' occurMaxTimes='-1' minSize='-1' maxSize='-1' groupType='1' repHandlerStruct='' visible='true' inheritsFrom='' V281='13' V1='4' name='Supports'>
        <structNode t='150' idref='1'/>
        <child t='167' id='11' V167='21' V283='2' occurMinTimes='1' occurMaxTimes='-1' minSize='-1' maxSize='-1' groupType='1' repHandlerStruct='' visible='true' inheritsFrom='' V281='13' V1='4' name='Support'>
          <structNode t='150' idref='1'/>
          <child t='167' id='12' V167='21' V283='2' occurMinTimes='1' occurMaxTimes='1' minSize='-1' maxSize='-1' dataType='2' repHandlerStruct='' visible='true' inheritsFrom='' V281='13' V1='4' name='ID'>
            <structNode t='150' idref='1'/>
          </child>
          <child t='167' id='13' V167='21' V283='2' occurMinTimes='1' occurMaxTimes='1' minSize='-1' maxSize='-1' groupType='1' repHandlerStruct='' visible='true' inheritsFrom='' V281='13' V1='4' name='Specifications'>
            <structNode t='150' idref='1'/>
            <child t='167' id='14' V167='21' V283='2' occurMinTimes='1' occurMaxTimes='-1' minSize='-1' maxSize='-1' groupType='1' repHandlerStruct='' visible='true' inheritsFrom='' V281='13' V1='4' name='Property'>
              <structNode t='150' idref='1'/>
              <child t='167' id='15' V167='21' V283='2' occurMinTimes='1' occurMaxTimes='1' minSize='-1' maxSize='-1' dataType='2' repHandlerStruct='' visible='true' inheritsFrom='' V281='13' V1='4' name='NameValue'>
                <structNode t='150' idref='1'/>
                <child t='167' id='16' V167='21' V283='2' occurMaxTimes='1' minSize='-1' maxSize='-1' groupType='3' repHandlerStruct='' inheritsFrom='' V281='13' V1='4' name='Attributes'>
                  <structNode t='150' idref='1'/>
                  <child t='167' id='17' V167='21' V283='2' occurMinTimes='1' occurMaxTimes='1' minSize='-1' maxSize='-1' dataType='2' elemType='1' repHandlerStruct='' visible='true' inheritsFrom='' V281='13' V1='4' name='name'>
                    <structNode t='150' idref='1'/>
                  </child>
                </child>
              </child>
            </child>
          </child>
          <child t='167' id='18' V167='21' V283='2' occurMinTimes='1' occurMaxTimes='1' minSize='-1' maxSize='-1' dataType='2' repHandlerStruct='' visible='true' inheritsFrom='' V281='13' V1='4' name='PackageID'>
            <structNode t='150' idref='1'/>
          </child>
        </child>
      </child>
    </child>
  </rootElem>
  <defaultRep t='172' id='19' V172='6' autoFixNamespaceMismatch='true' V170='10' V692='1' unnamedElemsNamespace='1' V690='1' importDate='Thu Aug 04 12:24:17 CEST 2016' importFile='file:/C:/Users/equefellec/OneDrive%20-%20ARMOR/Mes%20documents/TALEND/DATA_MAPPER/MULTI_FILE/PACKAGE/Supports_with_packaging_loop.xml' ignoreExcluded='true' fixInvalidCharacters='true' V1='4' name='XML'>
    <namespaceContainers t='220' ref='Namespace Containers/FORGE.xml'/>
  </defaultRep>
  <child t='162' id='20' V1='4' name='Representations'>
    <child t='172' idref='19'/>
  </child>
  <child t='165' id='21' V1='4' name='Document Bindings'>
    <child t='166' id='22' V166='5' docType='1' docReposPath='/EAI/Sample Data/FORGE/Supports_with_packaging_loop/Supports_with_packaging_loop_duplicate.xml' V1='4' name='/Supports_with_packaging_loop'>
      <elemNode t='167' idref='2'/>
    </child>
  </child>
</root>
