<?xml version="1.0" encoding="UTF-8"?>
<root t='190' id='1' V190='11' inStruct='Structures/FORGE/Supports_with_packaging_loop.xml' outStruct='Structures/FORGE/Packagingsmerge.xml' inputRep='172' outputRep='172' nextMap='' inputStructUserName='Supports_with_packaging_loop' outputStructUserName='Packagingsmerge' V1='4' name='FINAL_PACK' incarnation='407'>
  <inputMapElem t='200' id='4' V200='7' input='true' shown='5' structElemExists='true' V283='2' occurMinTimes='1' occurMaxTimes='1' minSize='-1' maxSize='-1' groupType='1' repHandlerStruct='' visible='true' inheritsFrom='' V281='13' V1='4' name='Supports_with_packaging_loop'>
    <mapNode t='190' idref='1'/>
    <child t='200' id='5' V200='7' input='true' shown='5' structElemExists='true' V283='2' occurMinTimes='1' occurMaxTimes='-1' minSize='-1' maxSize='-1' groupType='1' repHandlerStruct='' visible='true' inheritsFrom='' V281='13' V1='4' name='Pack'>
      <mapNode t='190' idref='1'/>
      <child t='200' id='6' V200='7' input='true' shown='5' structElemExists='true' V283='2' occurMinTimes='1' occurMaxTimes='1' minSize='-1' maxSize='-1' dataType='2' repHandlerStruct='' visible='true' inheritsFrom='' V281='13' V1='4' name='IDpack'>
        <mapNode t='190' idref='1'/>
      </child>
      <child t='200' id='7' V200='7' input='true' shown='5' structElemExists='true' V283='2' occurMinTimes='1' occurMaxTimes='1' minSize='-1' maxSize='-1' groupType='1' repHandlerStruct='' visible='true' inheritsFrom='' V281='13' V1='4' name='Classification'>
        <mapNode t='190' idref='1'/>
        <child t='200' id='8' V200='7' input='true' shown='5' structElemExists='true' V283='2' occurMinTimes='1' occurMaxTimes='1' minSize='-1' maxSize='-1' groupType='1' repHandlerStruct='' visible='true' inheritsFrom='' V281='13' V1='4' name='Codes'>
          <mapNode t='190' idref='1'/>
          <child t='200' id='9' V200='7' input='true' shown='5' structElemExists='true' V283='2' occurMinTimes='1' occurMaxTimes='1' minSize='-1' maxSize='-1' dataType='2' repHandlerStruct='' visible='true' inheritsFrom='' V281='13' V1='4' name='Code'>
            <mapNode t='190' idref='1'/>
            <child t='200' id='10' V200='7' input='true' shown='5' structElemExists='true' V283='2' occurMaxTimes='1' minSize='-1' maxSize='-1' groupType='3' repHandlerStruct='' inheritsFrom='' V281='13' V1='4' name='Attributes'>
              <mapNode t='190' idref='1'/>
              <child t='200' id='11' V200='7' input='true' shown='5' structElemExists='true' V283='2' occurMinTimes='1' occurMaxTimes='1' minSize='-1' maxSize='-1' dataType='2' elemType='1' repHandlerStruct='' visible='true' inheritsFrom='' V281='13' V1='4' name='name'>
                <mapNode t='190' idref='1'/>
              </child>
            </child>
          </child>
        </child>
      </child>
      <child t='200' id='12' V200='7' input='true' shown='5' structElemExists='true' V283='2' occurMinTimes='1' occurMaxTimes='-1' minSize='-1' maxSize='-1' groupType='1' repHandlerStruct='' visible='true' inheritsFrom='' V281='13' V1='4' name='Supports'>
        <mapNode t='190' idref='1'/>
        <child t='200' id='13' V200='7' input='true' shown='5' structElemExists='true' V283='2' occurMinTimes='1' occurMaxTimes='-1' minSize='-1' maxSize='-1' groupType='1' repHandlerStruct='' visible='true' inheritsFrom='' V281='13' V1='4' name='Support'>
          <mapNode t='190' idref='1'/>
          <child t='200' id='14' V200='7' input='true' shown='5' structElemExists='true' V283='2' occurMinTimes='1' occurMaxTimes='1' minSize='-1' maxSize='-1' dataType='2' repHandlerStruct='' visible='true' inheritsFrom='' V281='13' V1='4' name='ID'>
            <mapNode t='190' idref='1'/>
          </child>
          <child t='200' id='15' V200='7' input='true' shown='5' structElemExists='true' V283='2' occurMinTimes='1' occurMaxTimes='1' minSize='-1' maxSize='-1' groupType='1' repHandlerStruct='' visible='true' inheritsFrom='' V281='13' V1='4' name='Specifications'>
            <mapNode t='190' idref='1'/>
            <child t='200' id='16' V200='7' input='true' shown='7' structElemExists='true' V283='2' occurMinTimes='1' occurMaxTimes='-1' minSize='-1' maxSize='-1' groupType='1' repHandlerStruct='' visible='true' inheritsFrom='' V281='13' V1='4' name='Property'>
              <mapNode t='190' idref='1'/>
              <child t='200' id='17' V200='7' input='true' shown='5' structElemExists='true' V283='2' occurMinTimes='1' occurMaxTimes='1' minSize='-1' maxSize='-1' dataType='2' repHandlerStruct='' visible='true' inheritsFrom='' V281='13' V1='4' name='NameValue'>
                <mapNode t='190' idref='1'/>
                <child t='200' id='18' V200='7' input='true' shown='5' structElemExists='true' V283='2' occurMaxTimes='1' minSize='-1' maxSize='-1' groupType='3' repHandlerStruct='' inheritsFrom='' V281='13' V1='4' name='Attributes'>
                  <mapNode t='190' idref='1'/>
                  <child t='200' id='19' V200='7' input='true' shown='5' structElemExists='true' V283='2' occurMinTimes='1' occurMaxTimes='1' minSize='-1' maxSize='-1' dataType='2' elemType='1' repHandlerStruct='' visible='true' inheritsFrom='' V281='13' V1='4' name='name'>
                    <mapNode t='190' idref='1'/>
                  </child>
                </child>
              </child>
            </child>
          </child>
          <child t='200' id='20' V200='7' input='true' shown='5' structElemExists='true' V283='2' occurMinTimes='1' occurMaxTimes='1' minSize='-1' maxSize='-1' dataType='2' repHandlerStruct='' visible='true' inheritsFrom='' V281='13' V1='4' name='PackageID'>
            <mapNode t='190' idref='1'/>
          </child>
        </child>
      </child>
    </child>
  </inputMapElem>
  <outputMapElem t='200' id='21' V200='7' shown='5' structElemExists='true' V283='2' occurMinTimes='1' occurMaxTimes='1' minSize='-1' maxSize='-1' groupType='1' repHandlerStruct='' visible='true' inheritsFrom='' V281='13' modifiedFromParent_loop='true' V1='4' name='Packagingsmerge'>
    <mapNode t='190' idref='1'/>
    <loop>SimpleLoop([autoAdded="true"],in$/Supports_with_packaging_loop,{Filter},{Sort Keys},{Contexts})</loop>
    <child t='200' id='22' V200='7' shown='5' structElemExists='true' V283='2' occurMinTimes='1' occurMaxTimes='-1' minSize='-1' maxSize='-1' groupType='1' repHandlerStruct='' visible='true' inheritsFrom='' V281='13' modifiedFromParent_loop='true' V1='4' name='Packaging'>
      <mapNode t='190' idref='1'/>
      <loop>SimpleLoop(in$/Supports_with_packaging_loop/Pack,{Filter},{Sort Keys},{Contexts})</loop>
      <child t='200' id='23' V200='7' shown='5' structElemExists='true' V283='2' occurMinTimes='1' occurMaxTimes='1' minSize='-1' maxSize='-1' dataType='2' repHandlerStruct='' visible='true' inheritsFrom='' V281='13' modifiedFromParent_value='true' V1='4' name='ID'>
        <mapNode t='190' idref='1'/>
        <value>in$/Supports_with_packaging_loop/Pack/IDpack</value>
      </child>
      <child t='200' id='24' V200='7' shown='5' structElemExists='true' V283='2' occurMinTimes='1' occurMaxTimes='1' minSize='-1' maxSize='-1' groupType='1' repHandlerStruct='' visible='true' inheritsFrom='' V281='13' V1='4' name='Classification'>
        <mapNode t='190' idref='1'/>
        <child t='200' id='25' V200='7' shown='5' structElemExists='true' V283='2' occurMinTimes='1' occurMaxTimes='1' minSize='-1' maxSize='-1' groupType='1' repHandlerStruct='' visible='true' inheritsFrom='' V281='13' V1='4' name='Codes'>
          <mapNode t='190' idref='1'/>
          <child t='200' id='26' V200='7' shown='5' structElemExists='true' V283='2' occurMinTimes='1' occurMaxTimes='1' minSize='-1' maxSize='-1' dataType='2' repHandlerStruct='' visible='true' inheritsFrom='' V281='13' modifiedFromParent_value='true' V1='4' name='Code'>
            <mapNode t='190' idref='1'/>
            <value>in$/Supports_with_packaging_loop/Pack/Classification/Codes/Code</value>
            <child t='200' id='27' V200='7' shown='5' structElemExists='true' V283='2' occurMaxTimes='1' minSize='-1' maxSize='-1' groupType='3' repHandlerStruct='' inheritsFrom='' V281='13' V1='4' name='Attributes'>
              <mapNode t='190' idref='1'/>
              <child t='200' id='28' V200='7' shown='5' structElemExists='true' V283='2' occurMinTimes='1' occurMaxTimes='1' minSize='-1' maxSize='-1' dataType='2' elemType='1' repHandlerStruct='' visible='true' inheritsFrom='' V281='13' modifiedFromParent_value='true' V1='4' name='name'>
                <mapNode t='190' idref='1'/>
                <value>in$/Supports_with_packaging_loop/Pack/Classification/Codes/Code/Attributes/name</value>
              </child>
            </child>
          </child>
        </child>
      </child>
      <child t='200' id='29' V200='7' shown='5' structElemExists='true' V283='2' occurMinTimes='1' occurMaxTimes='-1' minSize='-1' maxSize='-1' groupType='1' repHandlerStruct='' visible='true' inheritsFrom='' V281='13' modifiedFromParent_loop='true' V1='4' name='Supports'>
        <mapNode t='190' idref='1'/>
        <loop>SimpleLoop(in$/Supports_with_packaging_loop/Pack/Supports,{Filter},{Sort Keys},{Contexts})</loop>
        <child t='200' id='30' V200='7' shown='5' structElemExists='true' V283='2' occurMinTimes='1' occurMaxTimes='-1' minSize='-1' maxSize='-1' groupType='1' repHandlerStruct='' visible='true' inheritsFrom='' V281='13' modifiedFromParent_loop='true' V1='4' name='Support'>
          <mapNode t='190' idref='1'/>
          <loop>SimpleLoop(in$/Supports_with_packaging_loop/Pack/Supports/Support,{Filter},{Sort Keys},{Contexts})</loop>
          <child t='200' id='31' V200='7' shown='5' structElemExists='true' V283='2' occurMinTimes='1' occurMaxTimes='1' minSize='-1' maxSize='-1' dataType='2' repHandlerStruct='' visible='true' inheritsFrom='' V281='13' modifiedFromParent_value='true' V1='4' name='ID'>
            <mapNode t='190' idref='1'/>
            <value>in$/Supports_with_packaging_loop/Pack/Supports/Support/ID</value>
          </child>
          <child t='200' id='32' V200='7' shown='5' structElemExists='true' V283='2' occurMinTimes='1' occurMaxTimes='1' minSize='-1' maxSize='-1' groupType='1' repHandlerStruct='' visible='true' inheritsFrom='' V281='13' V1='4' name='Specifications'>
            <mapNode t='190' idref='1'/>
            <child t='200' id='33' V200='7' shown='7' structElemExists='true' V283='2' occurMinTimes='1' occurMaxTimes='-1' minSize='-1' maxSize='-1' groupType='1' repHandlerStruct='' visible='true' inheritsFrom='' V281='13' modifiedFromParent_loop='true' V1='4' name='Property'>
              <mapNode t='190' idref='1'/>
              <loop>SimpleLoop(in$/Supports_with_packaging_loop/Pack/Supports/Support/Specifications/Property,{Filter},{Sort Keys},{Contexts})</loop>
              <child t='200' id='34' V200='7' shown='5' structElemExists='true' V283='2' occurMinTimes='1' occurMaxTimes='1' minSize='-1' maxSize='-1' dataType='2' repHandlerStruct='' visible='true' inheritsFrom='' V281='13' modifiedFromParent_value='true' V1='4' name='NameValue'>
                <mapNode t='190' idref='1'/>
                <value>in$/Supports_with_packaging_loop/Pack/Supports/Support/Specifications/Property/NameValue</value>
                <child t='200' id='35' V200='7' shown='5' structElemExists='true' V283='2' occurMaxTimes='1' minSize='-1' maxSize='-1' groupType='3' repHandlerStruct='' inheritsFrom='' V281='13' V1='4' name='Attributes'>
                  <mapNode t='190' idref='1'/>
                  <child t='200' id='36' V200='7' shown='5' structElemExists='true' V283='2' occurMinTimes='1' occurMaxTimes='1' minSize='-1' maxSize='-1' dataType='2' elemType='1' repHandlerStruct='' visible='true' inheritsFrom='' V281='13' modifiedFromParent_value='true' V1='4' name='name'>
                    <mapNode t='190' idref='1'/>
                    <value>in$/Supports_with_packaging_loop/Pack/Supports/Support/Specifications/Property/NameValue/Attributes/name</value>
                  </child>
                </child>
              </child>
            </child>
          </child>
        </child>
      </child>
    </child>
  </outputMapElem>
  <inputRepRuntime t='692' id='36' V692='1' unnamedElemsNamespace='1' V690='1'>
    <namespaceContainers t='220' ref='Namespace Containers/FORGE.xml'/>
  </inputRepRuntime>
  <outputRepRuntime t='692' id='37' V692='1' unnamedElemsNamespace='1' V690='1'>
    <namespaceContainers t='220' ref='Namespace Containers/FORGE.xml'/>
  </outputRepRuntime>
  <valueSets></valueSets>
  <inputXmlRepRuntime t='692' idref='36'/>
  <outputXmlRepRuntime t='692' idref='37'/>
  <child t='165' id='2' V1='4' name='Document Bindings'>
    <child t='166' id='38' V166='5' docType='1' docReposPath='/EAI/Sample Data/FORGE/Supports_with_packaging_loop/Supports_with_packaging_loop' V1='4' name='in$/Supports_with_packaging_loop'>
      <elemNode t='200' idref='4'/>
    </child>
    <child t='166' id='39' V166='5' docType='2' docReposPath='/EAI/Sample Data/FORGE/Packagingsmerge/Packagingsmerge' V1='4' name='out$/Packagingsmerge'>
      <elemNode t='200' idref='21'/>
    </child>
  </child>
  <child t='201' id='3' V1='4' name='Inherits From'>
  </child>
</root>
