<?xml version="1.0" encoding="UTF-8"?>
<root t='190' id='1' V190='11' inStruct='Structures/FORGE/PackagingsAndSupports.xml' outStruct='Structures/FORGE/Supports_with_packaging.xml' inputRep='172' outputRep='172' nextMap='Maps/FORGE/LOOP_PACK.xml' inputStructUserName='PackagingsAndSupports' outputStructUserName='Supports_with_packaging' V1='4' name='MERGE_PACK' incarnation='1890'>
  <inputMapElem t='200' id='4' V200='7' input='true' shown='5' structElemExists='true' V283='2' occurMaxTimes='1' minSize='-1' maxSize='-1' groupType='3' repHandlerStruct='' visible='true' inheritsFrom='' V281='13' V1='4' name='ROOT'>
    <mapNode t='190' idref='1'/>
    <child t='200' id='5' V200='7' input='true' shown='5' structElemExists='true' V283='2' occurMaxTimes='1' minSize='-1' maxSize='-1' groupType='1' repHandlerStruct='' visible='true' inheritsFrom='Structures/FORGE/Supports.xml' V281='13' modifiedFromParent_io='true' V1='4' name='Supports'>
      <mapNode t='190' idref='1'/>
      <repRuntime t='692' id='41' V692='1' unnamedElemsNamespace='1' V690='1'>
        <namespaceContainers t='220' ref='Namespace Containers/FORGE.xml'/>
      </repRuntime>
      <io>ReadURL([repName="XML",url="file:///C:temp/Supports.xml"],{Start Offset},{Length})</io>
      <child t='200' id='6' V200='7' input='true' shown='5' structElemExists='true' V283='2' occurMinTimes='1' occurMaxTimes='-1' minSize='-1' maxSize='-1' groupType='1' repHandlerStruct='' visible='true' inheritsFrom='' V281='13' V1='4' name='Support'>
        <mapNode t='190' idref='1'/>
        <child t='200' id='7' V200='7' input='true' shown='5' structElemExists='true' V283='2' occurMinTimes='1' occurMaxTimes='1' minSize='-1' maxSize='-1' dataType='2' repHandlerStruct='' visible='true' inheritsFrom='' V281='13' V1='4' name='ID'>
          <mapNode t='190' idref='1'/>
        </child>
        <child t='200' id='8' V200='7' input='true' shown='5' structElemExists='true' V283='2' occurMinTimes='1' occurMaxTimes='1' minSize='-1' maxSize='-1' groupType='1' repHandlerStruct='' visible='true' inheritsFrom='' V281='13' V1='4' name='Specifications'>
          <mapNode t='190' idref='1'/>
          <child t='200' id='9' V200='7' input='true' shown='5' structElemExists='true' V283='2' occurMinTimes='1' occurMaxTimes='-1' minSize='-1' maxSize='-1' groupType='1' repHandlerStruct='' visible='true' inheritsFrom='' V281='13' V1='4' name='Property'>
            <mapNode t='190' idref='1'/>
            <child t='200' id='10' V200='7' input='true' shown='5' structElemExists='true' V283='2' occurMinTimes='1' occurMaxTimes='1' minSize='-1' maxSize='-1' dataType='2' repHandlerStruct='' visible='true' inheritsFrom='' V281='13' V1='4' name='NameValue'>
              <mapNode t='190' idref='1'/>
              <child t='200' id='11' V200='7' input='true' shown='5' structElemExists='true' V283='2' occurMaxTimes='1' minSize='-1' maxSize='-1' groupType='3' repHandlerStruct='' inheritsFrom='' V281='13' V1='4' name='Attributes'>
                <mapNode t='190' idref='1'/>
                <child t='200' id='12' V200='7' input='true' shown='5' structElemExists='true' V283='2' occurMinTimes='1' occurMaxTimes='1' minSize='-1' maxSize='-1' dataType='2' elemType='1' repHandlerStruct='' visible='true' inheritsFrom='' V281='13' V1='4' name='name'>
                  <mapNode t='190' idref='1'/>
                </child>
              </child>
            </child>
          </child>
        </child>
        <child t='200' id='13' V200='7' input='true' shown='5' structElemExists='true' V283='2' occurMinTimes='1' occurMaxTimes='1' minSize='-1' maxSize='-1' dataType='2' repHandlerStruct='' visible='true' inheritsFrom='' V281='13' V1='4' name='PackageID'>
          <mapNode t='190' idref='1'/>
        </child>
      </child>
    </child>
    <child t='200' id='14' V200='7' input='true' shown='5' structElemExists='true' V283='2' occurMaxTimes='1' minSize='-1' maxSize='-1' groupType='1' repHandlerStruct='' visible='true' inheritsFrom='Structures/FORGE/Packagings.xml' V281='13' modifiedFromParent_io='true' V1='4' name='Packagings'>
      <mapNode t='190' idref='1'/>
      <repRuntime t='692' id='42' V692='1' unnamedElemsNamespace='1' V690='1'>
        <namespaceContainers t='220' ref='Namespace Containers/FORGE.xml'/>
      </repRuntime>
      <io>ReadURL([repName="XML",url="file:///C:temp/Packagings.xml"],{Start Offset},{Length})</io>
      <child t='200' id='15' V200='7' input='true' shown='5' structElemExists='true' V283='2' occurMinTimes='1' occurMaxTimes='-1' minSize='-1' maxSize='-1' groupType='1' repHandlerStruct='' visible='true' inheritsFrom='' V281='13' V1='4' name='Packaging'>
        <mapNode t='190' idref='1'/>
        <child t='200' id='16' V200='7' input='true' shown='5' structElemExists='true' V283='2' occurMinTimes='1' occurMaxTimes='1' minSize='-1' maxSize='-1' dataType='2' repHandlerStruct='' visible='true' inheritsFrom='' V281='13' V1='4' name='ID'>
          <mapNode t='190' idref='1'/>
        </child>
        <child t='200' id='17' V200='7' input='true' shown='5' structElemExists='true' V283='2' occurMinTimes='1' occurMaxTimes='1' minSize='-1' maxSize='-1' groupType='1' repHandlerStruct='' visible='true' inheritsFrom='' V281='13' V1='4' name='Classification'>
          <mapNode t='190' idref='1'/>
          <child t='200' id='18' V200='7' input='true' shown='5' structElemExists='true' V283='2' occurMinTimes='1' occurMaxTimes='1' minSize='-1' maxSize='-1' groupType='1' repHandlerStruct='' visible='true' inheritsFrom='' V281='13' V1='4' name='Codes'>
            <mapNode t='190' idref='1'/>
            <child t='200' id='19' V200='7' input='true' shown='5' structElemExists='true' V283='2' occurMinTimes='1' occurMaxTimes='1' minSize='-1' maxSize='-1' dataType='2' repHandlerStruct='' visible='true' inheritsFrom='' V281='13' V1='4' name='Code'>
              <mapNode t='190' idref='1'/>
              <child t='200' id='20' V200='7' input='true' shown='5' structElemExists='true' V283='2' occurMaxTimes='1' minSize='-1' maxSize='-1' groupType='3' repHandlerStruct='' inheritsFrom='' V281='13' V1='4' name='Attributes'>
                <mapNode t='190' idref='1'/>
                <child t='200' id='21' V200='7' input='true' shown='5' structElemExists='true' V283='2' occurMinTimes='1' occurMaxTimes='1' minSize='-1' maxSize='-1' dataType='2' elemType='1' repHandlerStruct='' visible='true' inheritsFrom='' V281='13' V1='4' name='name'>
                  <mapNode t='190' idref='1'/>
                </child>
              </child>
            </child>
          </child>
        </child>
      </child>
    </child>
  </inputMapElem>
  <outputMapElem t='200' id='22' V200='7' shown='5' structElemExists='true' V283='2' occurMinTimes='1' occurMaxTimes='1' minSize='-1' maxSize='-1' groupType='1' repHandlerStruct='' visible='true' inheritsFrom='' V281='13' modifiedFromParent_loop='true' V1='4' name='Supports_with_packaging'>
    <mapNode t='190' idref='1'/>
    <loop>SimpleLoop([autoAdded="true"],in$/ROOT,{Filter},{Sort Keys},{Contexts})</loop>
    <child t='200' id='23' V200='7' shown='5' structElemExists='true' V283='2' occurMinTimes='1' occurMaxTimes='-1' minSize='-1' maxSize='-1' groupType='1' repHandlerStruct='' visible='true' inheritsFrom='' V281='13' modifiedFromParent_loop='true' V1='4' name='Support'>
      <mapNode t='190' idref='1'/>
      <loop>SimpleLoop(in$/ROOT/Supports/Support,{Filter},{Sort Keys},{Contexts})</loop>
      <child t='200' id='24' V200='7' shown='5' structElemExists='true' V283='2' occurMinTimes='1' occurMaxTimes='1' minSize='-1' maxSize='-1' dataType='2' repHandlerStruct='' visible='true' inheritsFrom='' V281='13' modifiedFromParent_value='true' V1='4' name='ID'>
        <mapNode t='190' idref='1'/>
        <value>in$/ROOT/Supports/Support/ID</value>
      </child>
      <child t='200' id='25' V200='7' shown='5' structElemExists='true' V283='2' occurMinTimes='1' occurMaxTimes='1' minSize='-1' maxSize='-1' groupType='1' repHandlerStruct='' visible='true' inheritsFrom='' V281='13' V1='4' name='Specifications'>
        <mapNode t='190' idref='1'/>
        <child t='200' id='26' V200='7' shown='5' structElemExists='true' V283='2' occurMinTimes='1' occurMaxTimes='-1' minSize='-1' maxSize='-1' groupType='1' repHandlerStruct='' visible='true' inheritsFrom='' V281='13' modifiedFromParent_loop='true' V1='4' name='Property'>
          <mapNode t='190' idref='1'/>
          <loop>SimpleLoop(in$/ROOT/Supports/Support/Specifications/Property,{Filter},{Sort Keys},{Contexts})</loop>
          <child t='200' id='27' V200='7' shown='5' structElemExists='true' V283='2' occurMinTimes='1' occurMaxTimes='1' minSize='-1' maxSize='-1' dataType='2' repHandlerStruct='' visible='true' inheritsFrom='' V281='13' modifiedFromParent_value='true' V1='4' name='NameValue'>
            <mapNode t='190' idref='1'/>
            <value>in$/ROOT/Supports/Support/Specifications/Property/NameValue</value>
            <child t='200' id='28' V200='7' shown='5' structElemExists='true' V283='2' occurMaxTimes='1' minSize='-1' maxSize='-1' groupType='3' repHandlerStruct='' inheritsFrom='' V281='13' V1='4' name='Attributes'>
              <mapNode t='190' idref='1'/>
              <child t='200' id='29' V200='7' shown='5' structElemExists='true' V283='2' occurMinTimes='1' occurMaxTimes='1' minSize='-1' maxSize='-1' dataType='2' elemType='1' repHandlerStruct='' visible='true' inheritsFrom='' V281='13' modifiedFromParent_value='true' V1='4' name='name'>
                <mapNode t='190' idref='1'/>
                <value>in$/ROOT/Supports/Support/Specifications/Property/NameValue/Attributes/name</value>
              </child>
            </child>
          </child>
        </child>
      </child>
      <child t='200' id='30' V200='7' shown='5' structElemExists='true' V283='2' occurMinTimes='1' occurMaxTimes='1' minSize='-1' maxSize='-1' dataType='2' repHandlerStruct='' visible='true' inheritsFrom='' V281='13' modifiedFromParent_value='true' V1='4' name='PackageID'>
        <mapNode t='190' idref='1'/>
        <value>in$/ROOT/Supports/Support/PackageID</value>
      </child>
      <child t='200' id='31' V200='7' shown='5' structElemExists='true' V283='2' occurMinTimes='1' occurMaxTimes='1' minSize='-1' maxSize='-1' dataType='2' repHandlerStruct='' visible='true' inheritsFrom='' V281='13' modifiedFromParent_value='true' V1='4' name='IDpack'>
        <mapNode t='190' idref='1'/>
        <value>AgConcat(in$/ROOT/Packagings/Packaging/ID(SimpleLoop(in$/ROOT/Packagings/Packaging,Equal(out$/Supports_with_packaging/Support/PackageID,in$/ROOT/Packagings/Packaging/ID),{Sort Keys},{Contexts})))</value>
      </child>
      <child t='200' id='32' V200='7' shown='5' structElemExists='true' V283='2' occurMinTimes='1' occurMaxTimes='1' minSize='-1' maxSize='-1' groupType='1' repHandlerStruct='' visible='true' inheritsFrom='' V281='13' V1='4' name='Classification'>
        <mapNode t='190' idref='1'/>
        <child t='200' id='33' V200='7' shown='5' structElemExists='true' V283='2' occurMinTimes='1' occurMaxTimes='1' minSize='-1' maxSize='-1' groupType='1' repHandlerStruct='' visible='true' inheritsFrom='' V281='13' V1='4' name='Codes'>
          <mapNode t='190' idref='1'/>
          <child t='200' id='34' V200='7' shown='5' structElemExists='true' V283='2' occurMinTimes='1' occurMaxTimes='1' minSize='-1' maxSize='-1' dataType='2' repHandlerStruct='' visible='true' inheritsFrom='' V281='13' modifiedFromParent_value='true' V1='4' name='Code'>
            <mapNode t='190' idref='1'/>
            <value>AgConcat(in$/ROOT/Packagings/Packaging/Classification/Codes/Code(SimpleLoop(in$/ROOT/Packagings/Packaging,Equal(in$/ROOT/Packagings/Packaging/ID,out$/Supports_with_packaging/Support/PackageID),{Sort Keys},{Contexts})))</value>
            <child t='200' id='35' V200='7' shown='5' structElemExists='true' V283='2' occurMaxTimes='1' minSize='-1' maxSize='-1' groupType='3' repHandlerStruct='' inheritsFrom='' V281='13' V1='4' name='Attributes'>
              <mapNode t='190' idref='1'/>
              <child t='200' id='36' V200='7' shown='5' structElemExists='true' V283='2' occurMinTimes='1' occurMaxTimes='1' minSize='-1' maxSize='-1' dataType='2' elemType='1' repHandlerStruct='' visible='true' inheritsFrom='' V281='13' modifiedFromParent_value='true' V1='4' name='name'>
                <mapNode t='190' idref='1'/>
                <value>AgConcat(in$/ROOT/Packagings/Packaging/Classification/Codes/Code/Attributes/name(SimpleLoop(in$/ROOT/Packagings/Packaging,Equal(out$/Supports_with_packaging/Support/PackageID,in$/ROOT/Packagings/Packaging/ID),{Sort Keys},{Contexts})))</value>
              </child>
            </child>
          </child>
        </child>
      </child>
    </child>
  </outputMapElem>
  <inputRepRuntime t='692' id='37' V692='1' V690='1'>
  </inputRepRuntime>
  <outputRepRuntime t='692' id='38' V692='1' unnamedElemsNamespace='1' V690='1'>
    <namespaceContainers t='220' ref='Namespace Containers/FORGE.xml'/>
  </outputRepRuntime>
  <valueSets></valueSets>
  <inputXmlRepRuntime t='692' idref='37'/>
  <outputXmlRepRuntime t='692' idref='38'/>
  <child t='165' id='2' V1='4' name='Document Bindings'>
    <child t='166' id='40' V166='5' docType='2' docReposPath='/EAI/Sample Data/FORGE/Supports_with_packaging/Supports_with_packaging' V1='4' name='out$/Supports_with_packaging'>
      <elemNode t='200' idref='22'/>
    </child>
    <child t='166' id='43' V166='5' docType='1' docReposPath='/EAI/Sample Data/FORGE/Supports/Supports' V1='4' name='in$/ROOT/Supports'>
      <elemNode t='200' idref='5'/>
    </child>
    <child t='166' id='44' V166='5' docType='1' docReposPath='/EAI/Sample Data/FORGE/Packagings/Packagings' V1='4' name='in$/ROOT/Packagings'>
      <elemNode t='200' idref='14'/>
    </child>
  </child>
  <child t='201' id='3' V1='4' name='Inherits From'>
  </child>
</root>
