SrcShrCru,TgtShrCr,SC2002269NCR,Prod,/data/apps/nbx/MXP/parse/conf/SrcShrCr_TgtShrCr,spark.source.table,select * from shipdw.hvtb_lnd_mxp_ship_cruise_mxp_cruise_roll
SrcShrCru,TgtShrCr,SC2002269NCR,Prod,/data/apps/nbx/MXP/parse/conf/SrcShrCr_TgtShrCr,spark.target.location,/data/apps/nbx/hive/parsing/mxphvtb_parse_mxp_ship_cruise
SrcShrCru,TgtShrCr,SC2002269NCR,Prod,/data/apps/nbx/MXP/parse/conf/SrcShrCr_TgtShrCr,spark.target.table,shipdw.hvtb_parse_mxp_ship_cruise
SrcShrCru,TgtShrCr,SC2002269NCR,Prod,/data/apps/nbx/MXP/parse/conf/SrcShrCr_TgtShrCr,spark.src.config.id,SrcShrCr
SrcShrCru,TgtShrCr,SC2002269NCR,Prod,/data/apps/nbx/MXP/parse/conf/SrcShrCr_TgtShrCr,spark.voyage.id,SC2002269NCR
SrcShrCru,TgtShrCr,SC2002269NCR,Prod,/data/apps/nbx/MXP/parse/conf/SrcShrCr_TgtShrCr,spark.tgt.env,Prod
SrcShrCru,TgtShrCr,SC2002269NCR,Prod,/data/apps/nbx/MXP/parse/conf/SrcShrCr_TgtShrCr,spark.target.config.id,TgtShrCr
SrcShrCru,TgtShrCr,SC2002269NCR,Prod,/data/apps/nbx/MXP/parse/conf/SrcShrCr_TgtShrCr,spark.parent.id,SrcMXPCruise-TgtMXPCruise-SC1912065NCM
SrcShrCru,TgtShrCr,SC2002269NCR,Prod,/data/apps/nbx/MXP/parse/conf/SrcShrCr_TgtShrCr,spark.target.ops.table.format,org.apache.phoenix.spark
SrcShrCru,TgtShrCr,SC2002269NCR,Prod,/data/apps/nbx/MXP/parse/conf/SrcShrCr_TgtShrCr,spark.target.ops.table.mode,overwrite
SrcShrCru,TgtShrCr,SC2002269NCR,Prod,/data/apps/nbx/MXP/parse/conf/SrcShrCr_TgtShrCr,spark.target.enablerops_table,SHIP.HBTB_INGESTION_METADATA 
SrcShrCru,TgtShrCr,SC2002269NCR,Prod,/data/apps/nbx/MXP/parse/conf/SrcShrCr_TgtShrCr,spark.target.zkurl,10.101.209.231:2181/hbase-secure:nbx.service@AHOY.VIRGINVOYAGES.COM:/etc/config/nbx-api-key/nbxservice.keytab
SrcShrCru,TgtShrCr,SC2002269NCR,Prod,/data/apps/nbx/MXP/parse/conf/SrcShrCr_TgtShrCr,spark.kafka.zookeeper,10.101.220.213:2181
SrcShrCru,TgtShrCr,SC2002269NCR,Prod,/data/apps/nbx/MXP/parse/conf/SrcShrCr_TgtShrCr,spark.datasource.hive.warehouse.load.staging.dir,/tmp
SrcShrCru,TgtShrCr,SC2002269NCR,Prod,/data/apps/nbx/MXP/parse/conf/SrcShrCr_TgtShrCr,spark.datasource.hive.warehouse.metastoreUri,thrift://p-scl-had-ada1:9083
SrcShrCru,TgtShrCr,SC2002269NCR,Prod,/data/apps/nbx/MXP/parse/conf/SrcShrCr_TgtShrCr,spark.hadoop.hive.llap.daemon.service.hosts,@llap0
SrcShrCru,TgtShrCr,SC2002269NCR,Prod,/data/apps/nbx/MXP/parse/conf/SrcShrCr_TgtShrCr,spark.hadoop.hive.zookeeper.quorum ,"p-scl-had-ada1:2181,p-scl-had-ada2:2181,p-scl-had-adb1:2181,p-scl-had-adb2:2181,p-scl-had-adb3:2181"
SrcShrCru,TgtShrCr,SC2002269NCR,Prod,/data/apps/nbx/MXP/parse/conf/SrcShrCr_TgtShrCr,spark.sql.hive.hiveserver2.jdbc.url,"jdbc:hive2://p-scl-had-ada1:2181,p-scl-had-ada2:2181,p-scl-had-adb1:2181,p-scl-had-adb2:2181,p-scl-had-adb3:2181/;serviceDiscoveryMode=zooKeeper;zooKeeperNamespace=hiveserver2"
SrcShrCru,TgtShrCr,SC2002269NCR,Prod,/data/apps/nbx/MXP/parse/conf/SrcShrCr_TgtShrCr,spark.sql.hive.hiveserver2.jdbc.url.principal,hive/_HOST@AHOY.VIRGINVOYAGES.COM
SrcShrCru,TgtShrCr,SC2002269NCR,Prod,/data/apps/nbx/MXP/parse/conf/SrcShrCr_TgtShrCr,spark.sql.hive.metastore.jars,/usr/hdp/current/spark2-client/standalone-metastore/*
SrcShrCru,TgtShrCr,SC2002269NCR,Prod,/data/apps/nbx/MXP/parse/conf/SrcShrCr_TgtShrCr,spark.sql.hive.metastore.version,3
SrcShrCru,TgtShrCr,SC2002269NCR,Prod,/data/apps/nbx/MXP/parse/conf/SrcShrCr_TgtShrCr,spark.sql.warehouse.dir,/apps/spark/warehouse
SrcShrGuest,TgtShrGuest,SC2002269NCR,Prod,/data/apps/nbx/MXP/parse/conf/SrcShrGuest_TgtShrGuest,spark.source.table,select * from shipdw.hvtb_lnd_mxp_ship_guest_mxp_guest
SrcShrGuest,TgtShrGuest,SC2002269NCR,Prod,/data/apps/nbx/MXP/parse/conf/SrcShrGuest_TgtShrGuest,spark.guest.persoon.target.table,shipdw.hvtb_parse_mxp_ship_guest_person
SrcShrGuest,TgtShrGuest,SC2002269NCR,Prod,/data/apps/nbx/MXP/parse/conf/SrcShrGuest_TgtShrGuest,spark.guest.booking.target.table,shipdw.hvtb_parse_mxp_ship_guest_booking         
SrcShrGuest,TgtShrGuest,SC2002269NCR,Prod,/data/apps/nbx/MXP/parse/conf/SrcShrGuest_TgtShrGuest,spark.guest.account.target.table,shipdw.hvtb_parse_mxp_ship_guest_account
SrcShrGuest,TgtShrGuest,SC2002269NCR,Prod,/data/apps/nbx/MXP/parse/conf/SrcShrGuest_TgtShrGuest,spark.guest.address.target.table,shipdw.hvtb_parse_mxp_ship_guest_address
SrcShrGuest,TgtShrGuest,SC2002269NCR,Prod,/data/apps/nbx/MXP/parse/conf/SrcShrGuest_TgtShrGuest,spark.src.config.id,SrcShrGuest
SrcShrGuest,TgtShrGuest,SC2002269NCR,Prod,/data/apps/nbx/MXP/parse/conf/SrcShrGuest_TgtShrGuest,spark.voyage.id,SC2002269NCR
SrcShrGuest,TgtShrGuest,SC2002269NCR,Prod,/data/apps/nbx/MXP/parse/conf/SrcShrGuest_TgtShrGuest,spark.tgt.env,Prod
SrcShrGuest,TgtShrGuest,SC2002269NCR,Prod,/data/apps/nbx/MXP/parse/conf/SrcShrGuest_TgtShrGuest,spark.target.config.id,TgtShrGuest
SrcShrGuest,TgtShrGuest,SC2002269NCR,Prod,/data/apps/nbx/MXP/parse/conf/SrcShrGuest_TgtShrGuest,spark.parent.id,SrcMXPGuest-TgtMXPGuest-SC1912065NCM
SrcShrGuest,TgtShrGuest,SC2002269NCR,Prod,/data/apps/nbx/MXP/parse/conf/SrcShrGuest_TgtShrGuest,spark.target.offset.mode,overwrite 
SrcShrGuest,TgtShrGuest,SC2002269NCR,Prod,/data/apps/nbx/MXP/parse/conf/SrcShrGuest_TgtShrGuest,spark.target.offset.table,SHIP.HBTB_STREAMING_INGESTION_OFFSET
SrcShrGuest,TgtShrGuest,SC2002269NCR,Prod,/data/apps/nbx/MXP/parse/conf/SrcShrGuest_TgtShrGuest,spark.target.ops.table.format,org.apache.phoenix.spark
SrcShrGuest,TgtShrGuest,SC2002269NCR,Prod,/data/apps/nbx/MXP/parse/conf/SrcShrGuest_TgtShrGuest,spark.target.ops.table.mode,overwrite
SrcShrGuest,TgtShrGuest,SC2002269NCR,Prod,/data/apps/nbx/MXP/parse/conf/SrcShrGuest_TgtShrGuest,spark.target.enablerops_table,SHIP.HBTB_INGESTION_METADATA 
SrcShrGuest,TgtShrGuest,SC2002269NCR,Prod,/data/apps/nbx/MXP/parse/conf/SrcShrGuest_TgtShrGuest,spark.target.zkurl,10.101.209.231:2181/hbase-secure:nbx.service@AHOY.VIRGINVOYAGES.COM:/etc/config/nbx-api-key/nbxservice.keytab
SrcShrGuest,TgtShrGuest,SC2002269NCR,Prod,/data/apps/nbx/MXP/parse/conf/SrcShrGuest_TgtShrGuest,spark.kafka.zookeeper,10.101.220.213:2181
SrcShrGuest,TgtShrGuest,SC2002269NCR,Prod,/data/apps/nbx/MXP/parse/conf/SrcShrGuest_TgtShrGuest,spark.datasource.hive.warehouse.load.staging.dir,/tmp
SrcShrGuest,TgtShrGuest,SC2002269NCR,Prod,/data/apps/nbx/MXP/parse/conf/SrcShrGuest_TgtShrGuest,spark.datasource.hive.warehouse.metastoreUri,thrift://p-scl-had-ada1:9083
SrcShrGuest,TgtShrGuest,SC2002269NCR,Prod,/data/apps/nbx/MXP/parse/conf/SrcShrGuest_TgtShrGuest,spark.hadoop.hive.llap.daemon.service.hosts,@llap0
SrcShrGuest,TgtShrGuest,SC2002269NCR,Prod,/data/apps/nbx/MXP/parse/conf/SrcShrGuest_TgtShrGuest,spark.hadoop.hive.zookeeper.quorum ,"p-scl-had-ada1:2181,p-scl-had-ada2:2181,p-scl-had-adb1:2181,p-scl-had-adb2:2181,p-scl-had-adb3:2181"
SrcShrGuest,TgtShrGuest,SC2002269NCR,Prod,/data/apps/nbx/MXP/parse/conf/SrcShrGuest_TgtShrGuest,spark.sql.hive.hiveserver2.jdbc.url,"jdbc:hive2://p-scl-had-ada1:2181,p-scl-had-ada2:2181,p-scl-had-adb1:2181,p-scl-had-adb2:2181,p-scl-had-adb3:2181/;serviceDiscoveryMode=zooKeeper;zooKeeperNamespace=hiveserver2"
SrcShrGuest,TgtShrGuest,SC2002269NCR,Prod,/data/apps/nbx/MXP/parse/conf/SrcShrGuest_TgtShrGuest,spark.sql.hive.hiveserver2.jdbc.url.principal,hive/_HOST@AHOY.VIRGINVOYAGES.COM
SrcShrGuest,TgtShrGuest,SC2002269NCR,Prod,/data/apps/nbx/MXP/parse/conf/SrcShrGuest_TgtShrGuest,spark.sql.hive.metastore.jars,/usr/hdp/current/spark2-client/standalone-metastore/*
SrcShrGuest,TgtShrGuest,SC2002269NCR,Prod,/data/apps/nbx/MXP/parse/conf/SrcShrGuest_TgtShrGuest,spark.sql.hive.metastore.version,3
SrcShrGuest,TgtShrGuest,SC2002269NCR,Prod,/data/apps/nbx/MXP/parse/conf/SrcShrGuest_TgtShrGuest,spark.sql.warehouse.dir,/apps/spark/warehouse
SrcShrIti,TgtShrIti,SC2002269NCR,Prod,/data/apps/nbx/MXP/parse/conf/SrcShrIti_TgtShrIti,spark.src.config.id,SrcShrIti
SrcShrIti,TgtShrIti,SC2002269NCR,Prod,/data/apps/nbx/MXP/parse/conf/SrcShrIti_TgtShrIti,spark.voyage.id,SC2002269NCR
SrcShrIti,TgtShrIti,SC2002269NCR,Prod,/data/apps/nbx/MXP/parse/conf/SrcShrIti_TgtShrIti,spark.tgt.env,Prod
SrcShrIti,TgtShrIti,SC2002269NCR,Prod,/data/apps/nbx/MXP/parse/conf/SrcShrIti_TgtShrIti,spark.target.config.id,TgtShrIti
SrcShrIti,TgtShrIti,SC2002269NCR,Prod,/data/apps/nbx/MXP/parse/conf/SrcShrIti_TgtShrIti,spark.parent.id,SrcMXPIti-TgtMXPIti-SC1912065NCM
SrcShrIti,TgtShrIti,SC2002269NCR,Prod,/data/apps/nbx/MXP/parse/conf/SrcShrIti_TgtShrIti,spark.target.ops.table.format,org.apache.phoenix.spark
SrcShrIti,TgtShrIti,SC2002269NCR,Prod,/data/apps/nbx/MXP/parse/conf/SrcShrIti_TgtShrIti,spark.target.ops.table.mode,overwrite
SrcShrIti,TgtShrIti,SC2002269NCR,Prod,/data/apps/nbx/MXP/parse/conf/SrcShrIti_TgtShrIti,spark.target.enablerops_table,SHIP.HBTB_INGESTION_METADATA 
SrcShrIti,TgtShrIti,SC2002269NCR,Prod,/data/apps/nbx/MXP/parse/conf/SrcShrIti_TgtShrIti,spark.target.zkurl,10.101.209.231:2181/hbase-secure:nbx.service@AHOY.VIRGINVOYAGES.COM:/etc/config/nbx-api-key/nbxservice.keytab
SrcShrIti,TgtShrIti,SC2002269NCR,Prod,/data/apps/nbx/MXP/parse/conf/SrcShrIti_TgtShrIti,spark.kafka.zookeeper,10.101.220.213:2181
SrcShrIti,TgtShrIti,SC2002269NCR,Prod,/data/apps/nbx/MXP/parse/conf/SrcShrIti_TgtShrIti,spark.datasource.hive.warehouse.load.staging.dir,/tmp
SrcShrIti,TgtShrIti,SC2002269NCR,Prod,/data/apps/nbx/MXP/parse/conf/SrcShrIti_TgtShrIti,spark.datasource.hive.warehouse.metastoreUri,thrift://p-scl-had-ada1:9083
SrcShrIti,TgtShrIti,SC2002269NCR,Prod,/data/apps/nbx/MXP/parse/conf/SrcShrIti_TgtShrIti,spark.hadoop.hive.llap.daemon.service.hosts,@llap0
SrcShrIti,TgtShrIti,SC2002269NCR,Prod,/data/apps/nbx/MXP/parse/conf/SrcShrIti_TgtShrIti,spark.hadoop.hive.zookeeper.quorum ,"p-scl-had-ada1:2181,p-scl-had-ada2:2181,p-scl-had-adb1:2181,p-scl-had-adb2:2181,p-scl-had-adb3:2181"
SrcShrIti,TgtShrIti,SC2002269NCR,Prod,/data/apps/nbx/MXP/parse/conf/SrcShrIti_TgtShrIti,spark.sql.hive.hiveserver2.jdbc.url,"jdbc:hive2://p-scl-had-ada1:2181,p-scl-had-ada2:2181,p-scl-had-adb1:2181,p-scl-had-adb2:2181,p-scl-had-adb3:2181/;serviceDiscoveryMode=zooKeeper;zooKeeperNamespace=hiveserver2"
SrcShrIti,TgtShrIti,SC2002269NCR,Prod,/data/apps/nbx/MXP/parse/conf/SrcShrIti_TgtShrIti,spark.sql.hive.hiveserver2.jdbc.url.principal,hive/_HOST@AHOY.VIRGINVOYAGES.COM
SrcShrIti,TgtShrIti,SC2002269NCR,Prod,/data/apps/nbx/MXP/parse/conf/SrcShrIti_TgtShrIti,spark.sql.hive.metastore.jars,/usr/hdp/current/spark2-client/standalone-metastore/*
SrcShrIti,TgtShrIti,SC2002269NCR,Prod,/data/apps/nbx/MXP/parse/conf/SrcShrIti_TgtShrIti,spark.sql.hive.metastore.version,3
SrcShrIti,TgtShrIti,SC2002269NCR,Prod,/data/apps/nbx/MXP/parse/conf/SrcShrIti_TgtShrIti,spark.sql.warehouse.dir,/apps/spark/warehouse
SrcShrPosSales,TgtShrPosSales,SC2002269NCR,Prod,/data/apps/nbx/MXP/parse/conf/SrcShrSales_TgtShrSales,spark.source.table,select * from shipdw.hvtb_lnd_mxp_ship_pos_mxp_sales_stream_mxp
SrcShrPosSales,TgtShrPosSales,SC2002269NCR,Prod,/data/apps/nbx/MXP/parse/conf/SrcShrSales_TgtShrSales,spark.target.salesitem.table, shipdw.hvtb_parse_mxp_pos_sales
SrcShrPosSales,TgtShrPosSales,SC2002269NCR,Prod,/data/apps/nbx/MXP/parse/conf/SrcShrSales_TgtShrSales,spark.target.checkdetails.table, shipdw.hvtb_parse_mxp_ship_pos_sales_checkdetails
SrcShrPosSales,TgtShrPosSales,SC2002269NCR,Prod,/data/apps/nbx/MXP/parse/conf/SrcShrSales_TgtShrSales,spark.target.costgood.table,shipdw.hvtb_parse_mxp_ship_Pos_Sales_CostOfGood
SrcShrPosSales,TgtShrPosSales,SC2002269NCR,Prod,/data/apps/nbx/MXP/parse/conf/SrcShrSales_TgtShrSales,spark.salesitem.target.location,/data/apps/nbx/hive/parsing/mxphvtb_parse_mxp_pos_sales 
SrcShrPosSales,TgtShrPosSales,SC2002269NCR,Prod,/data/apps/nbx/MXP/parse/conf/SrcShrSales_TgtShrSales,spark.cdetails.target.location,/data/apps/nbx/hive/parsing/mxphvtb_parse_mxp_ship_pos_sales_checkdetails 
SrcShrPosSales,TgtShrPosSales,SC2002269NCR,Prod,/data/apps/nbx/MXP/parse/conf/SrcShrSales_TgtShrSales,spark.goods.target.location,/data/apps/nbx/hive/parsing/mxphvtb_parse_mxp_ship_Pos_Sales_CostOfGood 
SrcShrPosSales,TgtShrPosSales,SC2002269NCR,Prod,/data/apps/nbx/MXP/parse/conf/SrcShrSales_TgtShrSales,spark.src.config.id,SrcShrPosSales
SrcShrPosSales,TgtShrPosSales,SC2002269NCR,Prod,/data/apps/nbx/MXP/parse/conf/SrcShrSales_TgtShrSales,spark.voyage.id,SC2002269NCR
SrcShrPosSales,TgtShrPosSales,SC2002269NCR,Prod,/data/apps/nbx/MXP/parse/conf/SrcShrSales_TgtShrSales,spark.tgt.env,Prod
SrcShrPosSales,TgtShrPosSales,SC2002269NCR,Prod,/data/apps/nbx/MXP/parse/conf/SrcShrSales_TgtShrSales,spark.target.config.id,TgtShrPOsSales
SrcShrPosSales,TgtShrPosSales,SC2002269NCR,Prod,/data/apps/nbx/MXP/parse/conf/SrcShrSales_TgtShrSales,spark.parent.id,SrcMXPPosSales-TgtMXPPosSales-SC1912065NCM
SrcShrPosSales,TgtShrPosSales,SC2002269NCR,Prod,/data/apps/nbx/MXP/parse/conf/SrcShrSales_TgtShrSales,spark.target.ops.table.format,org.apache.phoenix.spark
SrcShrPosSales,TgtShrPosSales,SC2002269NCR,Prod,/data/apps/nbx/MXP/parse/conf/SrcShrSales_TgtShrSales,spark.target.ops.table.mode,overwrite
SrcShrPosSales,TgtShrPosSales,SC2002269NCR,Prod,/data/apps/nbx/MXP/parse/conf/SrcShrSales_TgtShrSales,spark.target.enablerops_table,SHIP.HBTB_INGESTION_METADATA 
SrcShrPosSales,TgtShrPosSales,SC2002269NCR,Prod,/data/apps/nbx/MXP/parse/conf/SrcShrSales_TgtShrSales,spark.target.zkurl,10.101.209.231:2181/hbase-secure:nbx.service@AHOY.VIRGINVOYAGES.COM:/etc/config/nbx-api-key/nbxservice.keytab
SrcShrPosSales,TgtShrPosSales,SC2002269NCR,Prod,/data/apps/nbx/MXP/parse/conf/SrcShrSales_TgtShrSales,spark.kafka.zookeeper,10.101.220.213:2181
SrcShrPosSales,TgtShrPosSales,SC2002269NCR,Prod,/data/apps/nbx/MXP/parse/conf/SrcShrSales_TgtShrSales,spark.datasource.hive.warehouse.load.staging.dir,/tmp
SrcShrPosSales,TgtShrPosSales,SC2002269NCR,Prod,/data/apps/nbx/MXP/parse/conf/SrcShrSales_TgtShrSales,spark.datasource.hive.warehouse.metastoreUri,thrift://p-scl-had-ada1:9083
SrcShrPosSales,TgtShrPosSales,SC2002269NCR,Prod,/data/apps/nbx/MXP/parse/conf/SrcShrSales_TgtShrSales,spark.hadoop.hive.llap.daemon.service.hosts,@llap0
SrcShrPosSales,TgtShrPosSales,SC2002269NCR,Prod,/data/apps/nbx/MXP/parse/conf/SrcShrSales_TgtShrSales,spark.hadoop.hive.zookeeper.quorum ,"p-scl-had-ada1:2181,p-scl-had-ada2:2181,p-scl-had-adb1:2181,p-scl-had-adb2:2181,p-scl-had-adb3:2181"
SrcShrPosSales,TgtShrPosSales,SC2002269NCR,Prod,/data/apps/nbx/MXP/parse/conf/SrcShrSales_TgtShrSales,spark.sql.hive.hiveserver2.jdbc.url,"jdbc:hive2://p-scl-had-ada1:2181,p-scl-had-ada2:2181,p-scl-had-adb1:2181,p-scl-had-adb2:2181,p-scl-had-adb3:2181/;serviceDiscoveryMode=zooKeeper;zooKeeperNamespace=hiveserver2"
SrcShrPosSales,TgtShrPosSales,SC2002269NCR,Prod,/data/apps/nbx/MXP/parse/conf/SrcShrSales_TgtShrSales,spark.sql.hive.hiveserver2.jdbc.url.principal,hive/_HOST@AHOY.VIRGINVOYAGES.COM
SrcShrPosSales,TgtShrPosSales,SC2002269NCR,Prod,/data/apps/nbx/MXP/parse/conf/SrcShrSales_TgtShrSales,spark.sql.hive.metastore.jars,/usr/hdp/current/spark2-client/standalone-metastore/*
SrcShrPosSales,TgtShrPosSales,SC2002269NCR,Prod,/data/apps/nbx/MXP/parse/conf/SrcShrSales_TgtShrSales,spark.sql.hive.metastore.version,3
SrcShrPosSales,TgtShrPosSales,SC2002269NCR,Prod,/data/apps/nbx/MXP/parse/conf/SrcShrSales_TgtShrSales,spark.sql.warehouse.dir,/apps/spark/warehouse
SrcShrPosItem,TgtShrPosItem,SC2002269NCR,Prod,/data/apps/nbx/MXP/parse/conf/SrcShrItem_TgtShrItem,spark.target.salesgroup.table,shipdw.hvtb_parse_mxp_ship_positems_salesgroup
SrcShrPosItem,TgtShrPosItem,SC2002269NCR,Prod,/data/apps/nbx/MXP/parse/conf/SrcShrItem_TgtShrItem,spark.target.categories.table,shipdw.hvtb_parse_mxp_ship_positems_categories
SrcShrPosItem,TgtShrPosItem,SC2002269NCR,Prod,/data/apps/nbx/MXP/parse/conf/SrcShrItem_TgtShrItem,spark.target.plugroup.table,shipdw.hvtb_parse_mxp_ship_positems_plugroups
SrcShrPosItem,TgtShrPosItem,SC2002269NCR,Prod,/data/apps/nbx/MXP/parse/conf/SrcShrItem_TgtShrItem,spark.target.items.table,shipdw.hvtb_parse_mxp_ship_positems_items
SrcShrPosItem,TgtShrPosItem,SC2002269NCR,Prod,/data/apps/nbx/MXP/parse/conf/SrcShrItem_TgtShrItem,spark.target.prices.table,shipdw.hvtb_parse_mxp_ship_positems_prices
SrcShrPosItem,TgtShrPosItem,SC2002269NCR,Prod,/data/apps/nbx/MXP/parse/conf/SrcShrItem_TgtShrItem,spark.src.config.id,SrcShrPosItem
SrcShrPosItem,TgtShrPosItem,SC2002269NCR,Prod,/data/apps/nbx/MXP/parse/conf/SrcShrItem_TgtShrItem,spark.voyage.id,SC2002269NCR
SrcShrPosItem,TgtShrPosItem,SC2002269NCR,Prod,/data/apps/nbx/MXP/parse/conf/SrcShrItem_TgtShrItem,spark.tgt.env,Prod
SrcShrPosItem,TgtShrPosItem,SC2002269NCR,Prod,/data/apps/nbx/MXP/parse/conf/SrcShrItem_TgtShrItem,spark.target.config.id,TgtShrPosItem
SrcShrPosItem,TgtShrPosItem,SC2002269NCR,Prod,/data/apps/nbx/MXP/parse/conf/SrcShrItem_TgtShrItem,spark.parent.id,SrcMXPPosItems-TgtMXPPosItems-SC1912065NCM
SrcShrPosItem,TgtShrPosItem,SC2002269NCR,Prod,/data/apps/nbx/MXP/parse/conf/SrcShrItem_TgtShrItem,spark.target.ops.table.format,org.apache.phoenix.spark
SrcShrPosItem,TgtShrPosItem,SC2002269NCR,Prod,/data/apps/nbx/MXP/parse/conf/SrcShrItem_TgtShrItem,spark.target.ops.table.mode,overwrite
SrcShrPosItem,TgtShrPosItem,SC2002269NCR,Prod,/data/apps/nbx/MXP/parse/conf/SrcShrItem_TgtShrItem,spark.target.enablerops_table,SHIP.HBTB_INGESTION_METADATA 
SrcShrPosItem,TgtShrPosItem,SC2002269NCR,Prod,/data/apps/nbx/MXP/parse/conf/SrcShrItem_TgtShrItem,spark.target.zkurl,10.101.209.231:2181/hbase-secure:nbx.service@AHOY.VIRGINVOYAGES.COM:/etc/config/nbx-api-key/nbxservice.keytab
SrcShrPosItem,TgtShrPosItem,SC2002269NCR,Prod,/data/apps/nbx/MXP/parse/conf/SrcShrItem_TgtShrItem,spark.kafka.zookeeper,10.101.220.213:2181
SrcShrPosItem,TgtShrPosItem,SC2002269NCR,Prod,/data/apps/nbx/MXP/parse/conf/SrcShrItem_TgtShrItem,spark.source.table,select * from shipdw.hvtb_lnd_mxp_ship_pos_mxp_pos_items
SrcShrPosItem,TgtShrPosItem,SC2002269NCR,Prod,/data/apps/nbx/MXP/parse/conf/SrcShrItem_TgtShrItem,spark.datasource.hive.warehouse.load.staging.dir,/tmp
SrcShrPosItem,TgtShrPosItem,SC2002269NCR,Prod,/data/apps/nbx/MXP/parse/conf/SrcShrItem_TgtShrItem,spark.datasource.hive.warehouse.metastoreUri,thrift://p-scl-had-ada1:9083
SrcShrPosItem,TgtShrPosItem,SC2002269NCR,Prod,/data/apps/nbx/MXP/parse/conf/SrcShrItem_TgtShrItem,spark.hadoop.hive.llap.daemon.service.hosts,@llap0
SrcShrPosItem,TgtShrPosItem,SC2002269NCR,Prod,/data/apps/nbx/MXP/parse/conf/SrcShrItem_TgtShrItem,spark.hadoop.hive.zookeeper.quorum ,"p-scl-had-ada1:2181,p-scl-had-ada2:2181,p-scl-had-adb1:2181,p-scl-had-adb2:2181,p-scl-had-adb3:2181"
SrcShrPosItem,TgtShrPosItem,SC2002269NCR,Prod,/data/apps/nbx/MXP/parse/conf/SrcShrItem_TgtShrItem,spark.sql.hive.hiveserver2.jdbc.url,"jdbc:hive2://p-scl-had-ada1:2181,p-scl-had-ada2:2181,p-scl-had-adb1:2181,p-scl-had-adb2:2181,p-scl-had-adb3:2181/;serviceDiscoveryMode=zooKeeper;zooKeeperNamespace=hiveserver2"
SrcShrPosItem,TgtShrPosItem,SC2002269NCR,Prod,/data/apps/nbx/MXP/parse/conf/SrcShrItem_TgtShrItem,spark.sql.hive.hiveserver2.jdbc.url.principal,hive/_HOST@AHOY.VIRGINVOYAGES.COM
SrcShrPosItem,TgtShrPosItem,SC2002269NCR,Prod,/data/apps/nbx/MXP/parse/conf/SrcShrItem_TgtShrItem,spark.sql.hive.metastore.jars,/usr/hdp/current/spark2-client/standalone-metastore/*
SrcShrPosItem,TgtShrPosItem,SC2002269NCR,Prod,/data/apps/nbx/MXP/parse/conf/SrcShrItem_TgtShrItem,spark.sql.hive.metastore.version,3
SrcShrPosItem,TgtShrPosItem,SC2002269NCR,Prod,/data/apps/nbx/MXP/parse/conf/SrcShrItem_TgtShrItem,spark.sql.warehouse.dir,/apps/spark/warehouse
SrcShrApolloPos,TgtShrApolloPos,SC2002269NCR,Prod,/data/apps/nbx/MXP/parse/conf/SrcShrApolloPos_TgtShrApolloPos,spark.source.table,select * from shipdw.hvtb_lnd_apollo_recipe_cost_by_voyage
SrcShrApolloPos,TgtShrApolloPos,SC2002269NCR,Prod,/data/apps/nbx/MXP/parse/conf/SrcShrApolloPos_TgtShrApolloPos,spark.target.table,shipdw.hvtb_parse_apollo_poschange
SrcShrApolloPos,TgtShrApolloPos,SC2002269NCR,Prod,/data/apps/nbx/MXP/parse/conf/SrcShrApolloPos_TgtShrApolloPos,spark.src.config.id,SrcShrApolloPosParse
SrcShrApolloPos,TgtShrApolloPos,SC2002269NCR,Prod,/data/apps/nbx/MXP/parse/conf/SrcShrApolloPos_TgtShrApolloPos,spark.voyage.id,SC2002269NCR
SrcShrApolloPos,TgtShrApolloPos,SC2002269NCR,Prod,/data/apps/nbx/MXP/parse/conf/SrcShrApolloPos_TgtShrApolloPos,spark.tgt.env,Prod
SrcShrApolloPos,TgtShrApolloPos,SC2002269NCR,Prod,/data/apps/nbx/MXP/parse/conf/SrcShrApolloPos_TgtShrApolloPos,spark.target.config.id,TgtShrApolloPosParse
SrcShrApolloPos,TgtShrApolloPos,SC2002269NCR,Prod,/data/apps/nbx/MXP/parse/conf/SrcShrApolloPos_TgtShrApolloPos,spark.parent.id,SrcApolloPosIngest-TgtApolloPosIngest-SC2002269NCR
SrcShrApolloPos,TgtShrApolloPos,SC2002269NCR,Prod,/data/apps/nbx/MXP/parse/conf/SrcShrApolloPos_TgtShrApolloPos,spark.target.ops.table.format,org.apache.phoenix.spark
SrcShrApolloPos,TgtShrApolloPos,SC2002269NCR,Prod,/data/apps/nbx/MXP/parse/conf/SrcShrApolloPos_TgtShrApolloPos,spark.target.ops.table.mode,overwrite
SrcShrApolloPos,TgtShrApolloPos,SC2002269NCR,Prod,/data/apps/nbx/MXP/parse/conf/SrcShrApolloPos_TgtShrApolloPos,spark.target.enablerops_table,SHIP.HBTB_INGESTION_METADATA 
SrcShrApolloPos,TgtShrApolloPos,SC2002269NCR,Prod,/data/apps/nbx/MXP/parse/conf/SrcShrApolloPos_TgtShrApolloPos,spark.target.zkurl,10.101.209.231:2181/hbase-secure:nbx.service@AHOY.VIRGINVOYAGES.COM:/etc/config/nbx-api-key/nbxservice.keytab
SrcShrApolloPos,TgtShrApolloPos,SC2002269NCR,Prod,/data/apps/nbx/MXP/parse/conf/SrcShrApolloPos_TgtShrApolloPos,spark.kafka.zookeeper,10.101.220.213:2181
SrcShrApolloPos,TgtShrApolloPos,SC2002269NCR,Prod,/data/apps/nbx/MXP/parse/conf/SrcShrApolloPos_TgtShrApolloPos,spark.datasource.hive.warehouse.load.staging.dir,/tmp
SrcShrApolloPos,TgtShrApolloPos,SC2002269NCR,Prod,/data/apps/nbx/MXP/parse/conf/SrcShrApolloPos_TgtShrApolloPos,spark.datasource.hive.warehouse.metastoreUri,thrift://p-scl-had-ada1:9083
SrcShrApolloPos,TgtShrApolloPos,SC2002269NCR,Prod,/data/apps/nbx/MXP/parse/conf/SrcShrApolloPos_TgtShrApolloPos,spark.hadoop.hive.llap.daemon.service.hosts,@llap0
SrcShrApolloPos,TgtShrApolloPos,SC2002269NCR,Prod,/data/apps/nbx/MXP/parse/conf/SrcShrApolloPos_TgtShrApolloPos,spark.hadoop.hive.zookeeper.quorum ,"p-scl-had-ada1:2181,p-scl-had-ada2:2181,p-scl-had-adb1:2181,p-scl-had-adb2:2181,p-scl-had-adb3:2181"
SrcShrApolloPos,TgtShrApolloPos,SC2002269NCR,Prod,/data/apps/nbx/MXP/parse/conf/SrcShrApolloPos_TgtShrApolloPos,spark.sql.hive.hiveserver2.jdbc.url,"jdbc:hive2://p-scl-had-ada1:2181,p-scl-had-ada2:2181,p-scl-had-adb1:2181,p-scl-had-adb2:2181,p-scl-had-adb3:2181/;serviceDiscoveryMode=zooKeeper;zooKeeperNamespace=hiveserver2"
SrcShrApolloPos,TgtShrApolloPos,SC2002269NCR,Prod,/data/apps/nbx/MXP/parse/conf/SrcShrApolloPos_TgtShrApolloPos,spark.sql.hive.hiveserver2.jdbc.url.principal,hive/_HOST@AHOY.VIRGINVOYAGES.COM
SrcShrApolloPos,TgtShrApolloPos,SC2002269NCR,Prod,/data/apps/nbx/MXP/parse/conf/SrcShrApolloPos_TgtShrApolloPos,spark.sql.hive.metastore.jars,/usr/hdp/current/spark2-client/standalone-metastore/*
SrcShrApolloPos,TgtShrApolloPos,SC2002269NCR,Prod,/data/apps/nbx/MXP/parse/conf/SrcShrApolloPos_TgtShrApolloPos,spark.sql.hive.metastore.version,3
SrcShrApolloPos,TgtShrApolloPos,SC2002269NCR,Prod,/data/apps/nbx/MXP/parse/conf/SrcShrApolloPos_TgtShrApolloPos,spark.sql.warehouse.dir,/apps/spark/warehouse
SrcGosparkEvent,TgtGosparkEvent,SC2002269NCR,Prod,/data/apps/nbx/MXP/parse/conf/SrcGosparkEvent_TgtGosparkEvent,spark.source.table,select * from shipdw.hvtb_lnd_go_event
SrcGosparkEvent,TgtGosparkEvent,SC2002269NCR,Prod,/data/apps/nbx/MXP/parse/conf/SrcGosparkEvent_TgtGosparkEvent,spark.target.table,shipdw.hvtb_parse_Gospark_Event
SrcGosparkEvent,TgtGosparkEvent,SC2002269NCR,Prod,/data/apps/nbx/MXP/parse/conf/SrcGosparkEvent_TgtGosparkEvent,spark.src.config.id,SrcKonamiDevice
SrcGosparkEvent,TgtGosparkEvent,SC2002269NCR,Prod,/data/apps/nbx/MXP/parse/conf/SrcGosparkEvent_TgtGosparkEvent,spark.voyage.id,SC2002269NCR
SrcGosparkEvent,TgtGosparkEvent,SC2002269NCR,Prod,/data/apps/nbx/MXP/parse/conf/SrcGosparkEvent_TgtGosparkEvent,spark.tgt.env,Prod
SrcGosparkEvent,TgtGosparkEvent,SC2002269NCR,Prod,/data/apps/nbx/MXP/parse/conf/SrcGosparkEvent_TgtGosparkEvent,spark.target.config.id,TgtKonamiDevice
SrcGosparkEvent,TgtGosparkEvent,SC2002269NCR,Prod,/data/apps/nbx/MXP/parse/conf/SrcGosparkEvent_TgtGosparkEvent,spark.parent.id,SrcGoEventKafka-TgtGoEventHive-SC1912065NCM 
SrcGosparkEvent,TgtGosparkEvent,SC2002269NCR,Prod,/data/apps/nbx/MXP/parse/conf/SrcGosparkEvent_TgtGosparkEvent,spark.target.ops.table.format,org.apache.phoenix.spark
SrcGosparkEvent,TgtGosparkEvent,SC2002269NCR,Prod,/data/apps/nbx/MXP/parse/conf/SrcGosparkEvent_TgtGosparkEvent,spark.target.ops.table.mode,overwrite 
SrcGosparkEvent,TgtGosparkEvent,SC2002269NCR,Prod,/data/apps/nbx/MXP/parse/conf/SrcGosparkEvent_TgtGosparkEvent,spark.target.enablerops_table,SHIP.HBTB_INGESTION_METADATA 
SrcGosparkEvent,TgtGosparkEvent,SC2002269NCR,Prod,/data/apps/nbx/MXP/parse/conf/SrcGosparkEvent_TgtGosparkEvent,spark.target.zkurl,10.101.209.231:2181/hbase-secure:nbx.service@AHOY.VIRGINVOYAGES.COM:/etc/config/nbx-api-key/nbxservice.keytab
SrcGosparkEvent,TgtGosparkEvent,SC2002269NCR,Prod,/data/apps/nbx/MXP/parse/conf/SrcGosparkEvent_TgtGosparkEvent,spark.kafka.zookeeper,10.101.220.213:2181
SrcGosparkEvent,TgtGosparkEvent,SC2002269NCR,Prod,/data/apps/nbx/MXP/parse/conf/SrcGosparkEvent_TgtGosparkEvent,spark.datasource.hive.warehouse.load.staging.dir,/tmp
SrcGosparkEvent,TgtGosparkEvent,SC2002269NCR,Prod,/data/apps/nbx/MXP/parse/conf/SrcGosparkEvent_TgtGosparkEvent,spark.datasource.hive.warehouse.metastoreUri,thrift://p-scl-had-ada1:9083
SrcGosparkEvent,TgtGosparkEvent,SC2002269NCR,Prod,/data/apps/nbx/MXP/parse/conf/SrcGosparkEvent_TgtGosparkEvent,spark.hadoop.hive.llap.daemon.service.hosts,@llap0
SrcGosparkEvent,TgtGosparkEvent,SC2002269NCR,Prod,/data/apps/nbx/MXP/parse/conf/SrcGosparkEvent_TgtGosparkEvent,spark.hadoop.hive.zookeeper.quorum ,"p-scl-had-ada1:2181,p-scl-had-ada2:2181,p-scl-had-adb1:2181,p-scl-had-adb2:2181,p-scl-had-adb3:2181"
SrcGosparkEvent,TgtGosparkEvent,SC2002269NCR,Prod,/data/apps/nbx/MXP/parse/conf/SrcGosparkEvent_TgtGosparkEvent,spark.sql.hive.hiveserver2.jdbc.url,"jdbc:hive2://p-scl-had-ada1:2181,p-scl-had-ada2:2181,p-scl-had-adb1:2181,p-scl-had-adb2:2181,p-scl-had-adb3:2181/;serviceDiscoveryMode=zooKeeper;zooKeeperNamespace=hiveserver2"
SrcGosparkEvent,TgtGosparkEvent,SC2002269NCR,Prod,/data/apps/nbx/MXP/parse/conf/SrcGosparkEvent_TgtGosparkEvent,spark.sql.hive.hiveserver2.jdbc.url.principal,hive/_HOST@AHOY.VIRGINVOYAGES.COM
SrcGosparkEvent,TgtGosparkEvent,SC2002269NCR,Prod,/data/apps/nbx/MXP/parse/conf/SrcGosparkEvent_TgtGosparkEvent,spark.sql.hive.metastore.jars,/usr/hdp/current/spark2-client/standalone-metastore/*
SrcGosparkEvent,TgtGosparkEvent,SC2002269NCR,Prod,/data/apps/nbx/MXP/parse/conf/SrcGosparkEvent_TgtGosparkEvent,spark.sql.hive.metastore.version,3
SrcGosparkEvent,TgtGosparkEvent,SC2002269NCR,Prod,/data/apps/nbx/MXP/parse/conf/SrcGosparkEvent_TgtGosparkEvent,spark.sql.warehouse.dir,/apps/spark/warehouse
SrcGosparkVenue,TgtGosparkVenue,SC2002269NCR,Prod,/data/apps/nbx/MXP/parse/conf/SrcGosparkVenue_TgtGosparkVenue,spark.source.table,select * from shipdw.hvtb_lnd_go_venue_availability 
SrcGosparkVenue,TgtGosparkVenue,SC2002269NCR,Prod,/data/apps/nbx/MXP/parse/conf/SrcGosparkVenue_TgtGosparkVenue,spark.target.table,shipdw.hvtb_parse_Gospark_Venue_availability
SrcGosparkVenue,TgtGosparkVenue,SC2002269NCR,Prod,/data/apps/nbx/MXP/parse/conf/SrcGosparkVenue_TgtGosparkVenue,spark.src.config.id,SrcKonamiDevice
SrcGosparkVenue,TgtGosparkVenue,SC2002269NCR,Prod,/data/apps/nbx/MXP/parse/conf/SrcGosparkVenue_TgtGosparkVenue,spark.voyage.id,SC2002269NCR
SrcGosparkVenue,TgtGosparkVenue,SC2002269NCR,Prod,/data/apps/nbx/MXP/parse/conf/SrcGosparkVenue_TgtGosparkVenue,spark.tgt.env,Prod
SrcGosparkVenue,TgtGosparkVenue,SC2002269NCR,Prod,/data/apps/nbx/MXP/parse/conf/SrcGosparkVenue_TgtGosparkVenue,spark.target.config.id,TgtKonamiDevice
SrcGosparkVenue,TgtGosparkVenue,SC2002269NCR,Prod,/data/apps/nbx/MXP/parse/conf/SrcGosparkVenue_TgtGosparkVenue,spark.parent.id,SrcGoVenueAvailKafka-TgtGoVenuAvailHive-SC1912065NCM 
SrcGosparkVenue,TgtGosparkVenue,SC2002269NCR,Prod,/data/apps/nbx/MXP/parse/conf/SrcGosparkVenue_TgtGosparkVenue,spark.target.ops.table.format,org.apache.phoenix.spark
SrcGosparkVenue,TgtGosparkVenue,SC2002269NCR,Prod,/data/apps/nbx/MXP/parse/conf/SrcGosparkVenue_TgtGosparkVenue,spark.target.ops.table.mode,overwrite 
SrcGosparkVenue,TgtGosparkVenue,SC2002269NCR,Prod,/data/apps/nbx/MXP/parse/conf/SrcGosparkVenue_TgtGosparkVenue,spark.target.enablerops_table,SHIP.HBTB_INGESTION_METADATA 
SrcGosparkVenue,TgtGosparkVenue,SC2002269NCR,Prod,/data/apps/nbx/MXP/parse/conf/SrcGosparkVenue_TgtGosparkVenue,spark.target.zkurl,10.101.209.231:2181/hbase-secure:nbx.service@AHOY.VIRGINVOYAGES.COM:/etc/config/nbx-api-key/nbxservice.keytab
SrcGosparkVenue,TgtGosparkVenue,SC2002269NCR,Prod,/data/apps/nbx/MXP/parse/conf/SrcGosparkVenue_TgtGosparkVenue,spark.kafka.zookeeper,10.101.220.213:2181
SrcGosparkVenue,TgtGosparkVenue,SC2002269NCR,Prod,/data/apps/nbx/MXP/parse/conf/SrcGosparkVenue_TgtGosparkVenue,spark.datasource.hive.warehouse.load.staging.dir,/tmp
SrcGosparkVenue,TgtGosparkVenue,SC2002269NCR,Prod,/data/apps/nbx/MXP/parse/conf/SrcGosparkVenue_TgtGosparkVenue,spark.datasource.hive.warehouse.metastoreUri,thrift://p-scl-had-ada1:9083
SrcGosparkVenue,TgtGosparkVenue,SC2002269NCR,Prod,/data/apps/nbx/MXP/parse/conf/SrcGosparkVenue_TgtGosparkVenue,spark.hadoop.hive.llap.daemon.service.hosts,@llap0
SrcGosparkVenue,TgtGosparkVenue,SC2002269NCR,Prod,/data/apps/nbx/MXP/parse/conf/SrcGosparkVenue_TgtGosparkVenue,spark.hadoop.hive.zookeeper.quorum ,"p-scl-had-ada1:2181,p-scl-had-ada2:2181,p-scl-had-adb1:2181,p-scl-had-adb2:2181,p-scl-had-adb3:2181"
SrcGosparkVenue,TgtGosparkVenue,SC2002269NCR,Prod,/data/apps/nbx/MXP/parse/conf/SrcGosparkVenue_TgtGosparkVenue,spark.sql.hive.hiveserver2.jdbc.url,"jdbc:hive2://p-scl-had-ada1:2181,p-scl-had-ada2:2181,p-scl-had-adb1:2181,p-scl-had-adb2:2181,p-scl-had-adb3:2181/;serviceDiscoveryMode=zooKeeper;zooKeeperNamespace=hiveserver2"
SrcGosparkVenue,TgtGosparkVenue,SC2002269NCR,Prod,/data/apps/nbx/MXP/parse/conf/SrcGosparkVenue_TgtGosparkVenue,spark.sql.hive.hiveserver2.jdbc.url.principal,hive/_HOST@AHOY.VIRGINVOYAGES.COM
SrcGosparkVenue,TgtGosparkVenue,SC2002269NCR,Prod,/data/apps/nbx/MXP/parse/conf/SrcGosparkVenue_TgtGosparkVenue,spark.sql.hive.metastore.jars,/usr/hdp/current/spark2-client/standalone-metastore/*
SrcGosparkVenue,TgtGosparkVenue,SC2002269NCR,Prod,/data/apps/nbx/MXP/parse/conf/SrcGosparkVenue_TgtGosparkVenue,spark.sql.hive.metastore.version,3
SrcGosparkVenue,TgtGosparkVenue,SC2002269NCR,Prod,/data/apps/nbx/MXP/parse/conf/SrcGosparkVenue_TgtGosparkVenue,spark.sql.warehouse.dir,/apps/spark/warehouse
SrcShrFolioItemParse,TgtShrFolioItemParse,SC2002269NCR,Prod,/data/apps/nbx/MXP/parse/conf/SrcShrFolioItem_TgtShrFolioItem,spark.source.table,select * from shipdw.hvtb_lnd_folio_vperson_account_detail
SrcShrFolioItemParse,TgtShrFolioItemParse,SC2002269NCR,Prod,/data/apps/nbx/MXP/parse/conf/SrcShrFolioItem_TgtShrFolioItem,spark.target.table,shipdw.hvtb_parse_folio_vperson_account_detail
SrcShrFolioItemParse,TgtShrFolioItemParse,SC2002269NCR,Prod,/data/apps/nbx/MXP/parse/conf/SrcShrFolioItem_TgtShrFolioItem,spark.src.config.id,SrcShrFolioItemParse
SrcShrFolioItemParse,TgtShrFolioItemParse,SC2002269NCR,Prod,/data/apps/nbx/MXP/parse/conf/SrcShrFolioItem_TgtShrFolioItem,spark.voyage.id,SC2002269NCR
SrcShrFolioItemParse,TgtShrFolioItemParse,SC2002269NCR,Prod,/data/apps/nbx/MXP/parse/conf/SrcShrFolioItem_TgtShrFolioItem,spark.tgt.env,Prod
SrcShrFolioItemParse,TgtShrFolioItemParse,SC2002269NCR,Prod,/data/apps/nbx/MXP/parse/conf/SrcShrFolioItem_TgtShrFolioItem,spark.target.config.id,TgtShrFolioItemParse
SrcShrFolioItemParse,TgtShrFolioItemParse,SC2002269NCR,Prod,/data/apps/nbx/MXP/parse/conf/SrcShrFolioItem_TgtShrFolioItem,spark.parent.id,SrcFolio-TgtFolio-SC2002269NCR
SrcShrFolioItemParse,TgtShrFolioItemParse,SC2002269NCR,Prod,/data/apps/nbx/MXP/parse/conf/SrcShrFolioItem_TgtShrFolioItem,spark.target.ops.table.format,org.apache.phoenix.spark
SrcShrFolioItemParse,TgtShrFolioItemParse,SC2002269NCR,Prod,/data/apps/nbx/MXP/parse/conf/SrcShrFolioItem_TgtShrFolioItem,spark.target.ops.table.mode,overwrite
SrcShrFolioItemParse,TgtShrFolioItemParse,SC2002269NCR,Prod,/data/apps/nbx/MXP/parse/conf/SrcShrFolioItem_TgtShrFolioItem,spark.target.enablerops_table,SHIP.HBTB_INGESTION_METADATA 
SrcShrFolioItemParse,TgtShrFolioItemParse,SC2002269NCR,Prod,/data/apps/nbx/MXP/parse/conf/SrcShrFolioItem_TgtShrFolioItem,spark.target.zkurl,10.101.209.231:2181/hbase-secure:nbx.service@AHOY.VIRGINVOYAGES.COM:/etc/config/nbx-api-key/nbxservice.keytab
SrcShrFolioItemParse,TgtShrFolioItemParse,SC2002269NCR,Prod,/data/apps/nbx/MXP/parse/conf/SrcShrFolioItem_TgtShrFolioItem,spark.kafka.zookeeper,10.101.220.213:2181
SrcShrFolioItemParse,TgtShrFolioItemParse,SC2002269NCR,Prod,/data/apps/nbx/MXP/parse/conf/SrcShrFolioItem_TgtShrFolioItem,spark.datasource.hive.warehouse.load.staging.dir,/tmp
SrcShrFolioItemParse,TgtShrFolioItemParse,SC2002269NCR,Prod,/data/apps/nbx/MXP/parse/conf/SrcShrFolioItem_TgtShrFolioItem,spark.datasource.hive.warehouse.metastoreUri,thrift://p-scl-had-ada1:9083
SrcShrFolioItemParse,TgtShrFolioItemParse,SC2002269NCR,Prod,/data/apps/nbx/MXP/parse/conf/SrcShrFolioItem_TgtShrFolioItem,spark.hadoop.hive.llap.daemon.service.hosts,@llap0
SrcShrFolioItemParse,TgtShrFolioItemParse,SC2002269NCR,Prod,/data/apps/nbx/MXP/parse/conf/SrcShrFolioItem_TgtShrFolioItem,spark.hadoop.hive.zookeeper.quorum ,"p-scl-had-ada1:2181,p-scl-had-ada2:2181,p-scl-had-adb1:2181,p-scl-had-adb2:2181,p-scl-had-adb3:2181"
SrcShrFolioItemParse,TgtShrFolioItemParse,SC2002269NCR,Prod,/data/apps/nbx/MXP/parse/conf/SrcShrFolioItem_TgtShrFolioItem,spark.sql.hive.hiveserver2.jdbc.url,"jdbc:hive2://p-scl-had-ada1:2181,p-scl-had-ada2:2181,p-scl-had-adb1:2181,p-scl-had-adb2:2181,p-scl-had-adb3:2181/;serviceDiscoveryMode=zooKeeper;zooKeeperNamespace=hiveserver2"
SrcShrFolioItemParse,TgtShrFolioItemParse,SC2002269NCR,Prod,/data/apps/nbx/MXP/parse/conf/SrcShrFolioItem_TgtShrFolioItem,spark.sql.hive.hiveserver2.jdbc.url.principal,hive/_HOST@AHOY.VIRGINVOYAGES.COM
SrcShrFolioItemParse,TgtShrFolioItemParse,SC2002269NCR,Prod,/data/apps/nbx/MXP/parse/conf/SrcShrFolioItem_TgtShrFolioItem,spark.sql.hive.metastore.jars,/usr/hdp/current/spark2-client/standalone-metastore/*
SrcShrFolioItemParse,TgtShrFolioItemParse,SC2002269NCR,Prod,/data/apps/nbx/MXP/parse/conf/SrcShrFolioItem_TgtShrFolioItem,spark.sql.hive.metastore.version,3
SrcShrFolioItemParse,TgtShrFolioItemParse,SC2002269NCR,Prod,/data/apps/nbx/MXP/parse/conf/SrcShrFolioItem_TgtShrFolioItem,spark.sql.warehouse.dir,/apps/spark/warehouse
SrcInternalAcc,TgtInternalAcc,SC2002269NCR,Prod,/data/apps/nbx/MXP/parse/conf/SrcInternalAcc_TgtInternalAcc,spark.source.table,select * from shipdw.hvtb_lnd_mxp_internal_account
SrcInternalAcc,TgtInternalAcc,SC2002269NCR,Prod,/data/apps/nbx/MXP/parse/conf/SrcInternalAcc_TgtInternalAcc,spark.person.target.table,shipdw.hvtb_parse_mxp_internal_person_detail
SrcInternalAcc,TgtInternalAcc,SC2002269NCR,Prod,/data/apps/nbx/MXP/parse/conf/SrcInternalAcc_TgtInternalAcc,spark.account.target.table,shipdw.hvtb_parse_mxp_internal_account_detail
SrcInternalAcc,TgtInternalAcc,SC2002269NCR,Prod,/data/apps/nbx/MXP/parse/conf/SrcInternalAcc_TgtInternalAcc,spark.address.target.table,shipdw.hvtb_parse_mxp_internal_address_detail
SrcInternalAcc,TgtInternalAcc,SC2002269NCR,Prod,/data/apps/nbx/MXP/parse/conf/SrcInternalAcc_TgtInternalAcc,spark.src.config.id,SrcInternalAcc
SrcInternalAcc,TgtInternalAcc,SC2002269NCR,Prod,/data/apps/nbx/MXP/parse/conf/SrcInternalAcc_TgtInternalAcc,spark.voyage.id,SC2002269NCR
SrcInternalAcc,TgtInternalAcc,SC2002269NCR,Prod,/data/apps/nbx/MXP/parse/conf/SrcInternalAcc_TgtInternalAcc,spark.tgt.env,Prod
SrcInternalAcc,TgtInternalAcc,SC2002269NCR,Prod,/data/apps/nbx/MXP/parse/conf/SrcInternalAcc_TgtInternalAcc,spark.target.config.id,TgtInternalAcc
SrcInternalAcc,TgtInternalAcc,SC2002269NCR,Prod,/data/apps/nbx/MXP/parse/conf/SrcInternalAcc_TgtInternalAcc,spark.parent.id,SrcMXPAccSystem-TgtMXPAccSystem-SC200352
SrcInternalAcc,TgtInternalAcc,SC2002269NCR,Prod,/data/apps/nbx/MXP/parse/conf/SrcInternalAcc_TgtInternalAcc,spark.target.ops.table.format,org.apache.phoenix.spark
SrcInternalAcc,TgtInternalAcc,SC2002269NCR,Prod,/data/apps/nbx/MXP/parse/conf/SrcInternalAcc_TgtInternalAcc,spark.target.ops.table.mode,overwrite
SrcInternalAcc,TgtInternalAcc,SC2002269NCR,Prod,/data/apps/nbx/MXP/parse/conf/SrcInternalAcc_TgtInternalAcc,spark.target.enablerops_table,SHIP.HBTB_INGESTION_METADATA 
SrcInternalAcc,TgtInternalAcc,SC2002269NCR,Prod,/data/apps/nbx/MXP/parse/conf/SrcInternalAcc_TgtInternalAcc,spark.target.zkurl,10.101.209.231:2181/hbase-secure:nbx.service@AHOY.VIRGINVOYAGES.COM:/etc/config/nbx-api-key/nbxservice.keytab
SrcInternalAcc,TgtInternalAcc,SC2002269NCR,Prod,/data/apps/nbx/MXP/parse/conf/SrcInternalAcc_TgtInternalAcc,spark.kafka.zookeeper,10.101.220.213:2181
SrcInternalAcc,TgtInternalAcc,SC2002269NCR,Prod,/data/apps/nbx/MXP/parse/conf/SrcInternalAcc_TgtInternalAcc,spark.datasource.hive.warehouse.load.staging.dir,/tmp
SrcInternalAcc,TgtInternalAcc,SC2002269NCR,Prod,/data/apps/nbx/MXP/parse/conf/SrcInternalAcc_TgtInternalAcc,spark.datasource.hive.warehouse.metastoreUri,thrift://p-scl-had-ada1:9083
SrcInternalAcc,TgtInternalAcc,SC2002269NCR,Prod,/data/apps/nbx/MXP/parse/conf/SrcInternalAcc_TgtInternalAcc,spark.hadoop.hive.llap.daemon.service.hosts,@llap0
SrcInternalAcc,TgtInternalAcc,SC2002269NCR,Prod,/data/apps/nbx/MXP/parse/conf/SrcInternalAcc_TgtInternalAcc,spark.hadoop.hive.zookeeper.quorum ,"p-scl-had-ada1:2181,p-scl-had-ada2:2181,p-scl-had-adb1:2181,p-scl-had-adb2:2181,p-scl-had-adb3:2181"
SrcInternalAcc,TgtInternalAcc,SC2002269NCR,Prod,/data/apps/nbx/MXP/parse/conf/SrcInternalAcc_TgtInternalAcc,spark.sql.hive.hiveserver2.jdbc.url,"jdbc:hive2://p-scl-had-ada1:2181,p-scl-had-ada2:2181,p-scl-had-adb1:2181,p-scl-had-adb2:2181,p-scl-had-adb3:2181/;serviceDiscoveryMode=zooKeeper;zooKeeperNamespace=hiveserver2"
SrcInternalAcc,TgtInternalAcc,SC2002269NCR,Prod,/data/apps/nbx/MXP/parse/conf/SrcInternalAcc_TgtInternalAcc,spark.sql.hive.hiveserver2.jdbc.url.principal,hive/_HOST@AHOY.VIRGINVOYAGES.COM
SrcInternalAcc,TgtInternalAcc,SC2002269NCR,Prod,/data/apps/nbx/MXP/parse/conf/SrcInternalAcc_TgtInternalAcc,spark.sql.hive.metastore.jars,/usr/hdp/current/spark2-client/standalone-metastore/*
SrcInternalAcc,TgtInternalAcc,SC2002269NCR,Prod,/data/apps/nbx/MXP/parse/conf/SrcInternalAcc_TgtInternalAcc,spark.sql.hive.metastore.version,3
SrcInternalAcc,TgtInternalAcc,SC2002269NCR,Prod,/data/apps/nbx/MXP/parse/conf/SrcInternalAcc_TgtInternalAcc,spark.sql.warehouse.dir,/apps/spark/warehouse
SrcShrArsBooking,TgtShrArsBooking,SC2002269NCR,Prod,/data/apps/nbx/MXP/parse/conf/SrcShrArsBooking_TgtShrArsBooking,spark.src.config.id,SrcShrArsBooking
SrcShrArsBooking,TgtShrArsBooking,SC2002269NCR,Prod,/data/apps/nbx/MXP/parse/conf/SrcShrArsBooking_TgtShrArsBooking,spark.voyage.id,SC2002269NCR
SrcShrArsBooking,TgtShrArsBooking,SC2002269NCR,Prod,/data/apps/nbx/MXP/parse/conf/SrcShrArsBooking_TgtShrArsBooking,spark.tgt.env,Prod
SrcShrArsBooking,TgtShrArsBooking,SC2002269NCR,Prod,/data/apps/nbx/MXP/parse/conf/SrcShrArsBooking_TgtShrArsBooking,spark.target.config.id,TgtShrArsBooking
SrcShrArsBooking,TgtShrArsBooking,SC2002269NCR,Prod,/data/apps/nbx/MXP/parse/conf/SrcShrArsBooking_TgtShrArsBooking,spark.parent.id,SrcVXPArsBooking-TgtVXPArsBooking-SC1912065NCM
SrcShrArsBooking,TgtShrArsBooking,SC2002269NCR,Prod,/data/apps/nbx/MXP/parse/conf/SrcShrArsBooking_TgtShrArsBooking,spark.target.ops.table.format,org.apache.phoenix.spark
SrcShrArsBooking,TgtShrArsBooking,SC2002269NCR,Prod,/data/apps/nbx/MXP/parse/conf/SrcShrArsBooking_TgtShrArsBooking,spark.target.ops.table.mode,overwrite
SrcShrArsBooking,TgtShrArsBooking,SC2002269NCR,Prod,/data/apps/nbx/MXP/parse/conf/SrcShrArsBooking_TgtShrArsBooking,spark.ars_ingestion.table,shipdw.hvtb_lnd_mxp_ship_ars_booking
SrcShrArsBooking,TgtShrArsBooking,SC2002269NCR,Prod,/data/apps/nbx/MXP/parse/conf/SrcShrArsBooking_TgtShrArsBooking,spark.arsbooking.target.table,shipdw.hvtb_parse_ars_booking
SrcShrArsBooking,TgtShrArsBooking,SC2002269NCR,Prod,/data/apps/nbx/MXP/parse/conf/SrcShrArsBooking_TgtShrArsBooking,spark.target.location,/data/apps/nbx/hive/parsing/hvtb_parse_ars_booking
SrcShrArsBooking,TgtShrArsBooking,SC2002269NCR,Prod,/data/apps/nbx/MXP/parse/conf/SrcShrArsBooking_TgtShrArsBooking,spark.target.offset.mode,overwrite
SrcShrArsBooking,TgtShrArsBooking,SC2002269NCR,Prod,/data/apps/nbx/MXP/parse/conf/SrcShrArsBooking_TgtShrArsBooking,spark.target.enablerops_table,SHIP.HBTB_INGESTION_METADATA
SrcShrArsBooking,TgtShrArsBooking,SC2002269NCR,Prod,/data/apps/nbx/MXP/parse/conf/SrcShrArsBooking_TgtShrArsBooking,spark.target.zkurl,10.101.209.231:2181/hbase-secure:nbx.service@AHOY.VIRGINVOYAGES.COM:/etc/config/nbx-api-key/nbxservice.keytab
SrcShrArsBooking,TgtShrArsBooking,SC2002269NCR,Prod,/data/apps/nbx/MXP/parse/conf/SrcShrArsBooking_TgtShrArsBooking,spark.kafka.zookeeper,10.101.220.213:2181
SrcShrArsBooking,TgtShrArsBooking,SC2002269NCR,Prod,/data/apps/nbx/MXP/parse/conf/SrcShrArsBooking_TgtShrArsBooking,spark.datasource.hive.warehouse.load.staging.dir,/tmp
SrcShrArsBooking,TgtShrArsBooking,SC2002269NCR,Prod,/data/apps/nbx/MXP/parse/conf/SrcShrArsBooking_TgtShrArsBooking,spark.datasource.hive.warehouse.metastoreUri,thrift://p-scl-had-ada1:9083
SrcShrArsBooking,TgtShrArsBooking,SC2002269NCR,Prod,/data/apps/nbx/MXP/parse/conf/SrcShrArsBooking_TgtShrArsBooking,spark.hadoop.hive.llap.daemon.service.hosts,@llap0
SrcShrArsBooking,TgtShrArsBooking,SC2002269NCR,Prod,/data/apps/nbx/MXP/parse/conf/SrcShrArsBooking_TgtShrArsBooking,spark.hadoop.hive.zookeeper.quorum,"p-scl-had-ada1:2181,p-scl-had-ada2:2181,p-scl-had-adb1:2181,p-scl-had-adb2:2181,p-scl-had-adb3:2181"
SrcShrArsBooking,TgtShrArsBooking,SC2002269NCR,Prod,/data/apps/nbx/MXP/parse/conf/SrcShrArsBooking_TgtShrArsBooking,spark.sql.hive.hiveserver2.jdbc.url,"jdbc:hive2://p-scl-had-ada1:2181,p-scl-had-ada2:2181,p-scl-had-adb1:2181,p-scl-had-adb2:2181,p-scl-had-adb3:2181/;serviceDiscoveryMode=zooKeeper;zooKeeperNamespace=hiveserver2"
SrcShrArsBooking,TgtShrArsBooking,SC2002269NCR,Prod,/data/apps/nbx/MXP/parse/conf/SrcShrArsBooking_TgtShrArsBooking,spark.sql.hive.hiveserver2.jdbc.url.principal,hive/_HOST@AHOY.VIRGINVOYAGES.COM
SrcShrArsBooking,TgtShrArsBooking,SC2002269NCR,Prod,/data/apps/nbx/MXP/parse/conf/SrcShrArsBooking_TgtShrArsBooking,spark.sql.hive.metastore.jars,/usr/hdp/current/spark2-client/standalone-metastore/*
SrcShrArsBooking,TgtShrArsBooking,SC2002269NCR,Prod,/data/apps/nbx/MXP/parse/conf/SrcShrArsBooking_TgtShrArsBooking,spark.sql.hive.metastore.version,3
SrcShrArsBooking,TgtShrArsBooking,SC2002269NCR,Prod,/data/apps/nbx/MXP/parse/conf/SrcShrArsBooking_TgtShrArsBooking,spark.sql.warehouse.dir,/apps/spark/warehouse
