<?xml version="1.0" encoding="UTF-8"?>
<root t='150' id='1' V150='13' creationTimestamp='0x1565e9bf2ce' V1='4' name='people_with_key_in_loop' incarnation='18'>
  <rootElem t='167' id='2' V167='21' V283='2' occurMinTimes='1' occurMaxTimes='1' minSize='-1' maxSize='-1' groupType='1' repHandlerStruct='' visible='true' inheritsFrom='' V281='13' V1='4' name='people_with_key_in_loop'>
    <structNode t='150' idref='1'/>
    <child t='167' id='3' V167='21' V283='2' occurMinTimes='1' occurMaxTimes='1' minSize='-1' maxSize='-1' dataType='2' repHandlerStruct='' visible='true' inheritsFrom='' V281='13' V1='4' name='Title'>
      <structNode t='150' idref='1'/>
    </child>
    <child t='167' id='4' V167='21' V283='2' occurMinTimes='1' occurMaxTimes='-1' minSize='-1' maxSize='-1' groupType='1' repHandlerStruct='' visible='true' inheritsFrom='' V281='13' V1='4' name='person'>
      <structNode t='150' idref='1'/>
      <child t='167' id='5' V167='21' V283='2' occurMinTimes='1' occurMaxTimes='1' minSize='-1' maxSize='-1' dataType='2' repHandlerStruct='' visible='true' inheritsFrom='' V281='13' V1='4' name='ID'>
        <structNode t='150' idref='1'/>
      </child>
      <child t='167' id='6' V167='21' V283='2' occurMinTimes='1' occurMaxTimes='1' minSize='-1' maxSize='-1' dataType='2' repHandlerStruct='' visible='true' inheritsFrom='' V281='13' V1='4' name='firstname'>
        <structNode t='150' idref='1'/>
      </child>
      <child t='167' id='7' V167='21' V283='2' occurMinTimes='1' occurMaxTimes='-1' minSize='-1' maxSize='-1' groupType='1' repHandlerStruct='' visible='true' inheritsFrom='' V281='13' V1='4' name='nicknames'>
        <structNode t='150' idref='1'/>
        <child t='167' id='8' V167='21' V283='2' occurMinTimes='1' occurMaxTimes='1' minSize='-1' maxSize='-1' dataType='2' repHandlerStruct='' visible='true' inheritsFrom='' V281='13' V1='4' name='ID'>
          <structNode t='150' idref='1'/>
        </child>
        <child t='167' id='9' V167='21' V283='2' occurMinTimes='1' occurMaxTimes='1' minSize='-1' maxSize='-1' dataType='2' repHandlerStruct='' visible='true' inheritsFrom='' V281='13' V1='4' name='nickname'>
          <structNode t='150' idref='1'/>
        </child>
      </child>
      <child t='167' id='10' V167='21' V283='2' occurMinTimes='1' occurMaxTimes='1' minSize='-1' maxSize='-1' dataType='2' repHandlerStruct='' visible='true' inheritsFrom='' V281='13' V1='4' name='address'>
        <structNode t='150' idref='1'/>
      </child>
      <child t='167' id='11' V167='21' V283='2' occurMinTimes='1' occurMaxTimes='1' minSize='-1' maxSize='-1' groupType='1' repHandlerStruct='' visible='true' inheritsFrom='' V281='13' V1='4' name='State'>
        <structNode t='150' idref='1'/>
        <child t='167' id='12' V167='21' V283='2' occurMinTimes='1' occurMaxTimes='-1' minSize='-1' maxSize='-1' groupType='1' repHandlerStruct='' visible='true' inheritsFrom='' V281='13' V1='4' name='Citys'>
          <structNode t='150' idref='1'/>
          <child t='167' id='13' V167='21' V283='2' occurMinTimes='1' occurMaxTimes='1' minSize='-1' maxSize='-1' dataType='2' repHandlerStruct='' visible='true' inheritsFrom='' V281='13' V1='4' name='ID'>
            <structNode t='150' idref='1'/>
          </child>
          <child t='167' id='14' V167='21' V283='2' occurMinTimes='1' occurMaxTimes='1' minSize='-1' maxSize='-1' dataType='2' repHandlerStruct='' visible='true' inheritsFrom='' V281='13' V1='4' name='City'>
            <structNode t='150' idref='1'/>
          </child>
        </child>
      </child>
    </child>
  </rootElem>
  <defaultRep t='172' id='15' V172='6' autoFixNamespaceMismatch='true' V170='10' V692='1' unnamedElemsNamespace='1' V690='1' importDate='Sat Aug 06 08:48:14 CEST 2016' importFile='file:/C:/Users/equefellec/Downloads/people_with_key_in_loop.xml' ignoreExcluded='true' fixInvalidCharacters='true' V1='4' name='XML'>
    <namespaceContainers t='220' ref='Namespace Containers/FORGE.xml'/>
  </defaultRep>
  <child t='162' id='16' V1='4' name='Representations'>
    <child t='172' idref='15'/>
  </child>
  <child t='165' id='17' V1='4' name='Document Bindings'>
  </child>
</root>
